4,34,136,93,46,3,19,157,169,119,176,151,132,175,167,156,102,57,0
4,34,136,93,46,3,17,157,169,119,176,151,132,175,167,156,102,57,0
4,34,136,93,46,3,17,157,169,119,176,151,132,175,167,156,102,57,0
4,34,136,93,46,3,17,157,169,119,176,151,132,175,167,156,102,57,0
4,34,136,93,46,3,17,157,169,119,176,151,132,175,167,156,102,57,0
4,36,139,93,46,3,17,157,169,119,176,151,132,175,167,156,102,57,0
4,42,142,93,46,3,19,157,169,119,176,151,132,175,167,156,102,57,0
4,42,142,93,46,3,19,157,169,119,176,151,132,175,167,156,102,57,0
4,42,142,93,46,3,19,157,169,119,176,151,132,175,167,156,102,57,0
4,40,142,96,46,3,19,157,169,119,176,151,132,175,167,156,102,57,0
4,40,142,96,46,3,19,157,169,119,176,151,132,175,167,156,102,57,0
4,38,138,96,46,3,19,157,169,119,176,151,132,175,167,156,102,57,0
4,35,138,96,46,3,19,157,169,119,176,151,132,175,167,156,102,57,0
4,38,141,91,46,3,19,157,169,119,176,151,132,175,167,156,102,57,0
4,42,141,91,46,3,19,157,169,119,176,151,132,175,167,156,102,57,0
4,42,141,91,46,3,19,157,169,119,176,151,132,175,167,156,102,57,0
4,42,143,91,46,3,19,157,169,119,176,151,132,175,167,156,102,57,0
4,42,143,91,46,3,19,157,169,119,176,151,132,175,167,156,102,57,0
4,42,143,91,46,3,19,157,169,119,176,151,132,175,167,156,102,57,0
4,42,140,94,46,3,19,157,169,119,176,151,132,175,167,156,102,57,0
4,39,140,94,46,3,19,157,169,119,176,151,132,175,167,156,102,57,0
4,37,136,94,46,3,19,157,169,119,176,151,132,175,167,156,102,57,0
4,33,136,94,46,5,19,157,169,119,176,151,132,175,167,156,102,57,0
4,31,134,94,46,5,19,157,169,119,176,151,132,175,167,156,102,57,0
4,31,134,94,46,5,19,157,169,119,176,151,132,175,167,156,102,57,0
4,33,135,91,46,2,19,157,169,119,176,151,132,175,167,156,102,57,0
4,35,135,91,46,2,19,157,169,119,176,151,132,175,167,156,102,57,0
4,35,139,91,46,2,19,157,169,119,176,151,132,175,167,156,102,57,0
4,35,139,91,46,2,19,157,169,119,176,151,132,175,167,156,102,57,0
4,39,141,91,46,2,19,157,169,119,176,151,132,175,167,156,102,57,0
4,39,141,91,46,2,19,157,169,119,176,151,132,175,167,156,102,57,0
4,42,143,94,46,2,19,157,169,119,176,151,132,175,167,156,102,57,0
4,44,143,94,46,2,19,157,169,119,176,151,132,175,167,156,102,57,0
4,44,145,94,46,2,19,157,169,119,176,151,132,175,167,156,102,57,0
4,44,145,94,46,2,19,157,169,119,176,151,132,175,167,156,102,57,0
4,44,145,97,46,2,19,157,169,119,176,151,132,175,167,156,102,57,0
4,44,145,97,46,2,19,157,169,119,176,151,132,175,167,156,102,57,0
4,28,133,97,46,5,19,157,169,119,176,151,132,175,167,156,102,57,0
4,30,133,94,46,3,19,157,169,119,176,151,132,175,167,156,102,57,0
4,30,133,94,46,3,19,157,169,119,176,151,132,175,167,156,102,57,0
4,35,133,94,46,3,19,157,169,119,176,151,132,175,167,156,102,57,0
4,35,133,94,46,3,19,157,169,119,176,151,132,175,167,156,102,57,0
4,35,133,94,46,3,19,157,169,119,176,151,132,173,167,156,102,57,0
4,37,136,94,46,3,19,157,169,119,176,151,132,173,167,156,104,57,0
4,37,136,94,46,3,19,157,169,119,176,151,132,173,167,156,104,57,0
4,37,136,94,46,3,19,157,169,119,176,151,132,173,167,156,104,57,0
4,37,136,94,46,3,19,157,169,119,176,151,132,173,167,156,104,57,0
4,37,136,94,46,3,19,157,169,119,176,151,132,173,167,156,104,57,0
4,37,136,94,46,3,19,157,169,119,176,151,132,173,167,156,104,57,0
4,37,136,94,46,3,19,157,171,119,176,151,132,173,167,156,104,57,0
4,34,136,94,46,3,19,157,171,119,176,151,132,173,167,156,104,57,0
4,34,136,94,46,3,19,157,171,119,176,151,132,173,167,156,104,57,0
4,32,136,96,46,1,19,157,171,119,176,151,132,173,167,156,104,57,0
4,32,136,96,46,1,19,157,171,119,176,151,132,173,167,156,104,57,0
4,32,136,96,46,1,19,157,171,119,176,151,132,173,167,156,104,57,0
4,32,136,96,46,1,17,157,171,119,176,151,132,173,167,156,104,57,0
4,32,136,96,46,1,17,157,171,119,176,151,132,173,167,156,104,57,0
4,32,136,96,46,1,17,157,171,119,176,151,132,173,167,156,104,57,0
4,32,136,96,46,1,17,157,171,119,176,151,132,173,167,156,104,57,0
4,32,136,96,46,1,17,157,171,119,176,151,132,173,167,156,104,57,0
4,32,136,96,46,1,17,157,171,119,176,151,132,173,167,156,104,57,0
4,32,136,96,46,1,17,157,171,119,176,151,132,173,167,156,104,57,0
4,32,136,96,46,1,17,157,171,119,176,151,132,173,167,156,104,57,0
4,32,136,96,46,1,17,157,171,119,176,151,132,173,167,156,104,57,0
4,32,136,96,46,1,17,157,171,119,176,151,132,173,167,156,104,57,0
4,32,136,96,46,1,17,157,171,119,176,151,132,173,167,156,104,57,0
4,32,136,96,46,1,17,157,171,119,176,151,132,173,167,156,104,57,0
4,32,136,96,46,1,17,157,171,119,176,151,132,173,167,156,104,57,0
4,32,136,96,46,1,17,157,171,119,176,151,132,173,167,156,104,57,0
4,32,136,96,46,1,17,157,171,119,176,151,132,173,167,156,104,57,0
4,34,136,96,46,1,17,157,171,119,176,151,132,173,167,156,104,57,0
4,34,139,96,46,1,17,157,171,119,176,151,132,173,167,156,104,57,0
4,37,142,94,46,1,17,157,171,119,176,151,132,173,167,156,104,57,0
4,40,144,94,46,1,17,157,171,119,176,151,132,173,167,156,104,57,0
4,43,144,94,46,1,17,157,171,119,176,151,132,173,167,156,104,57,0
4,43,144,96,46,1,17,157,171,119,176,151,132,173,167,156,104,57,0
4,41,141,96,46,1,17,157,171,119,176,151,132,173,167,156,104,57,0
4,41,141,96,46,1,17,157,171,119,176,151,132,173,167,156,104,57,0
4,41,141,96,46,1,17,157,171,119,176,151,132,173,167,156,104,55,0
4,41,139,96,46,3,17,157,171,119,176,151,132,173,167,156,104,55,0
4,38,139,96,48,3,17,157,171,119,176,151,132,173,167,156,104,55,0
4,38,139,96,48,3,17,157,171,119,176,151,132,173,167,156,104,55,0
4,40,142,96,48,3,19,157,171,119,176,151,132,173,167,156,104,55,0
4,43,142,96,48,3,19,157,171,119,176,151,132,173,167,156,104,55,0
4,43,142,96,48,3,19,157,171,119,176,151,132,173,167,156,104,55,0
4,43,144,96,48,3,19,157,171,119,176,151,132,173,167,156,104,55,0
4,43,144,96,48,3,19,157,171,119,176,151,132,173,167,156,104,55,0
4,41,141,96,48,3,19,157,171,119,176,151,132,173,167,156,104,55,0
4,41,141,96,48,3,19,157,171,119,176,151,132,173,167,156,104,55,0
4,41,141,96,48,3,19,157,171,119,176,151,132,173,167,156,104,55,0
4,41,139,96,48,3,19,157,171,119,176,151,132,173,167,156,104,55,0
4,41,139,96,48,3,19,157,171,119,176,151,132,173,167,156,104,55,0
4,41,139,98,48,3,19,157,171,119,176,151,132,173,167,156,104,55,0
4,41,141,96,48,3,19,157,171,119,176,151,132,173,167,156,104,55,0
4,41,141,96,48,3,19,157,171,119,176,151,132,173,167,156,104,55,0
4,41,141,96,48,3,19,157,171,119,176,151,132,173,167,156,104,55,0
4,41,141,96,48,3,19,157,171,119,176,151,132,173,167,156,104,55,0
4,43,141,96,48,3,19,157,171,119,176,151,132,173,167,156,104,55,0
4,43,141,96,48,3,19,157,171,119,176,151,132,173,167,156,104,55,0
4,43,141,96,48,3,19,157,171,119,176,151,132,173,167,156,104,55,0
4,43,141,96,48,3,19,157,171,119,176,151,132,173,167,156,104,55,0
4,39,141,96,48,3,19,157,171,119,176,151,132,173,167,156,104,55,0
4,37,138,96,48,3,19,157,171,119,176,151,132,173,167,156,104,55,0
4,37,138,96,48,3,19,157,171,119,176,151,132,173,167,156,104,55,0
4,33,136,96,48,3,19,157,171,119,176,151,132,173,167,156,104,55,0
4,33,136,96,48,3,19,157,171,119,176,151,132,173,167,156,104,55,0
4,33,134,96,48,3,19,157,171,119,176,151,132,173,167,156,104,55,0
4,33,134,96,48,3,19,157,171,119,176,151,132,173,167,156,104,55,0
4,33,134,96,48,3,19,157,171,119,176,151,132,173,167,156,104,55,0
4,33,134,96,48,3,19,157,171,119,176,151,132,173,167,156,104,55,0
4,33,134,96,48,3,19,157,171,119,176,151,132,173,167,156,104,55,0
4,33,134,96,48,3,19,157,171,119,176,151,132,173,167,156,104,55,0
4,33,134,96,46,3,19,157,171,119,176,151,132,173,167,156,104,55,0
4,33,134,96,46,3,19,157,171,119,176,151,132,173,167,156,104,55,0
4,33,134,96,46,3,19,157,171,119,176,151,132,173,167,156,104,55,0
4,36,136,96,46,3,19,157,171,119,176,151,132,173,167,156,104,55,0
4,36,136,96,46,3,19,157,171,119,176,151,132,173,167,156,104,55,0
4,36,139,96,46,3,19,157,171,119,176,151,132,173,167,156,104,55,0
4,41,144,94,46,3,19,157,171,119,176,151,132,173,167,156,104,55,0
4,41,144,94,46,3,19,157,171,119,176,151,132,173,167,156,104,55,0
4,41,144,96,46,3,19,157,171,119,176,151,132,173,167,156,104,55,0
4,41,144,96,46,3,19,157,171,119,176,151,132,173,167,156,104,55,0
4,41,140,96,46,3,19,157,171,119,176,151,132,173,167,156,104,55,0
4,41,140,96,46,3,19,157,171,119,176,151,132,173,167,156,104,55,0
4,31,135,96,46,3,19,157,171,119,176,151,132,173,167,156,104,55,0
4,31,135,96,46,3,19,157,171,119,176,151,132,173,167,156,104,55,0
4,31,135,96,46,3,19,157,171,119,176,151,132,173,167,156,104,55,0
4,31,135,96,46,3,19,157,171,119,176,151,132,173,167,156,104,55,0
4,31,135,96,46,3,19,157,171,119,176,151,132,173,167,156,104,55,0
4,31,135,96,46,3,19,157,171,119,176,151,132,173,167,156,104,55,0
4,36,137,96,46,3,19,157,171,119,176,151,132,173,167,156,104,55,0
4,38,137,96,46,3,19,157,171,119,176,151,132,173,167,156,104,55,0
4,40,141,96,46,3,19,157,171,119,176,151,132,173,167,156,104,55,0
4,43,141,96,46,3,19,157,171,119,176,151,132,173,167,156,104,55,0
4,43,141,96,46,3,19,157,171,119,176,151,132,173,167,156,104,55,0
4,43,143,96,46,3,19,157,171,119,176,151,132,173,167,156,104,55,0
4,43,143,96,46,3,19,157,171,119,176,151,132,173,167,156,104,55,0
4,41,140,96,46,3,19,157,171,119,176,151,132,173,167,156,104,55,0
4,38,137,96,46,3,19,157,171,119,176,151,132,173,167,156,104,55,0
4,33,137,96,46,3,19,157,171,119,176,151,132,173,167,156,104,55,0
4,33,134,96,46,3,19,157,171,119,176,151,132,173,167,156,104,55,0
4,31,134,96,46,3,19,157,171,119,176,151,132,173,167,156,104,55,0
4,31,134,96,46,3,19,157,171,119,176,151,132,173,167,156,104,55,0
4,31,134,96,46,3,19,157,171,119,176,151,132,173,167,156,104,55,0
4,33,134,96,46,3,17,157,171,119,176,151,132,173,167,156,104,55,0
4,33,134,96,46,3,17,157,171,119,176,151,132,173,167,156,104,55,0
4,33,134,96,46,3,17,157,171,119,176,151,132,173,167,156,104,55,0
4,33,134,96,46,3,17,157,171,119,176,151,132,173,167,156,104,55,0
4,33,134,96,46,3,17,157,171,119,176,151,132,173,167,156,104,55,0
4,33,134,96,46,3,17,157,171,119,176,151,132,173,167,156,104,55,0
4,33,134,96,46,3,17,157,171,119,176,151,132,173,167,156,104,55,0
4,33,134,96,46,3,17,157,171,119,176,151,132,173,167,156,104,55,0
4,33,134,96,46,3,17,157,171,119,176,151,132,173,167,156,104,55,0
4,33,134,96,46,3,17,157,171,119,176,151,132,173,167,156,104,55,0
4,33,134,96,46,3,17,157,171,119,176,151,132,173,167,156,104,55,0
4,33,134,96,46,3,17,157,171,119,176,151,132,173,167,156,104,55,0
4,33,134,96,46,3,17,157,171,119,176,151,132,173,167,156,104,55,0
4,33,134,96,46,3,17,157,171,119,176,151,132,173,167,156,104,55,0
4,33,136,94,46,3,17,157,171,119,176,151,132,173,167,156,104,55,0
4,33,136,94,46,3,17,157,171,119,176,151,132,173,167,156,104,55,0
4,33,136,94,46,3,17,157,171,119,176,151,132,173,167,156,104,55,0
4,33,136,94,46,3,17,157,171,119,176,151,132,173,167,156,104,55,0
4,33,136,94,46,3,17,157,171,119,176,151,132,173,167,156,104,55,0
4,33,136,94,46,3,17,157,171,119,176,151,132,173,167,156,104,55,0
4,33,136,94,46,3,17,157,171,119,176,151,132,173,167,156,104,55,0
4,39,144,94,46,3,17,157,171,119,176,151,132,173,167,156,104,55,0
4,42,144,94,46,3,17,157,171,119,176,151,132,173,167,156,104,55,0
4,42,144,94,46,3,17,157,171,119,176,151,132,173,167,156,104,55,0
4,42,144,94,46,3,17,157,171,119,176,151,132,173,167,156,104,55,0
4,42,144,94,46,3,17,157,171,119,176,151,132,173,167,156,104,55,0
4,42,144,94,46,3,17,157,171,119,176,151,132,173,167,156,104,55,0
4,40,141,97,46,3,17,157,171,119,176,151,132,173,167,156,104,55,0
4,40,141,97,46,3,17,157,171,119,176,151,132,173,167,156,104,55,0
4,40,141,97,46,3,17,157,171,119,176,151,132,173,167,156,104,55,0
4,40,141,97,46,3,17,157,171,119,176,151,132,173,167,156,104,55,0
4,40,141,97,46,3,17,157,171,119,176,151,132,173,167,156,104,55,0
4,40,141,97,46,3,17,157,171,119,176,151,132,173,167,156,104,55,0
4,40,144,94,46,1,17,157,171,119,176,151,132,173,167,156,104,55,0
4,40,144,94,46,1,17,157,171,119,176,151,132,173,167,156,104,55,0
4,40,144,94,46,1,17,157,171,119,176,151,132,173,167,156,104,55,0
4,40,144,94,46,1,17,157,171,119,176,151,132,173,167,156,104,55,0
4,40,144,94,46,1,17,157,171,119,176,151,132,173,167,156,104,55,0
4,40,144,94,46,1,17,157,171,119,176,151,132,173,167,156,104,55,0
4,40,139,94,46,3,17,157,171,119,176,151,132,173,167,156,104,55,0
4,40,139,97,46,3,17,157,171,119,176,151,132,173,167,156,104,55,0
4,40,139,97,46,3,17,157,171,119,176,151,132,173,167,156,104,55,0
4,40,139,97,46,3,17,157,171,119,176,151,132,173,167,156,104,55,0
4,40,139,97,46,3,17,157,171,119,176,151,132,173,167,156,104,55,0
4,40,139,97,46,3,17,157,171,119,176,151,132,173,167,156,104,55,0
4,40,139,97,46,3,17,157,171,119,176,151,132,173,167,156,104,55,0
4,40,141,94,46,3,17,157,169,119,176,151,132,173,167,156,104,55,0
4,40,143,94,46,3,17,157,169,119,176,151,132,173,167,156,104,55,0
4,40,143,94,46,3,17,157,169,119,176,151,132,173,167,156,104,55,0
4,40,143,94,46,3,17,157,169,119,176,151,132,173,167,156,104,55,0
4,40,143,94,46,3,17,157,169,119,176,148,132,173,167,156,104,55,0
4,40,143,94,46,3,17,157,169,119,176,148,132,173,167,156,104,55,0
4,36,138,96,46,5,17,157,169,119,176,151,132,173,167,156,104,55,0
4,32,136,96,46,5,17,157,169,119,176,151,132,173,167,156,104,55,0
4,32,136,99,46,5,17,157,169,119,176,151,132,173,167,156,104,55,0
4,30,134,99,46,3,17,157,169,119,176,151,132,173,167,156,104,55,0
4,30,134,99,46,3,17,157,169,119,176,151,132,173,167,156,104,55,0
4,30,134,99,46,3,17,157,169,119,176,151,132,173,167,156,104,55,0
4,30,134,99,46,3,17,157,169,119,176,151,132,173,167,156,104,55,0
4,32,134,96,46,3,17,157,169,119,176,151,132,173,167,156,104,55,0
4,32,134,96,46,3,17,157,169,119,176,151,132,173,167,156,104,55,0
4,32,134,96,46,3,17,157,169,119,176,151,132,173,167,156,104,55,0
4,32,134,96,46,3,17,157,169,119,176,151,132,173,167,156,104,55,0
4,32,134,96,46,3,17,157,169,119,176,151,132,173,167,156,104,55,0
4,32,134,96,46,3,17,157,169,119,176,151,132,173,167,156,104,55,0
4,32,134,96,46,3,17,157,169,119,176,151,132,173,167,156,104,55,0
4,32,134,96,46,3,17,157,169,119,176,151,132,173,167,156,104,55,0
4,32,134,96,46,3,17,157,169,119,176,151,132,173,167,156,104,55,0
4,35,134,96,46,3,17,157,169,119,176,151,132,173,167,156,104,55,0
4,35,134,96,46,3,17,157,169,119,176,151,132,173,167,156,104,55,0
4,35,134,96,46,3,17,157,169,119,176,151,132,173,167,156,104,55,0
4,35,134,96,46,3,17,157,169,119,176,151,132,173,167,156,104,55,0
4,35,134,96,46,3,17,157,169,119,176,151,132,173,167,156,104,55,0
4,35,134,96,46,3,17,157,169,119,176,151,132,173,167,156,104,55,0
4,35,134,96,46,3,17,157,169,119,176,151,132,173,167,156,104,55,0
4,35,134,96,46,3,17,157,169,119,176,151,132,173,167,156,104,55,0
4,35,134,96,46,3,17,157,169,119,176,151,132,173,167,156,104,55,0
4,35,134,96,46,3,17,157,169,119,176,151,132,173,167,156,104,55,0
4,35,134,96,46,3,17,157,169,119,176,151,132,173,167,156,104,55,0
4,35,134,96,46,3,17,157,169,119,176,151,132,173,167,156,104,55,0
4,35,134,94,46,3,17,157,169,119,176,151,132,173,167,156,104,55,0
4,35,134,94,46,3,17,157,169,119,176,151,132,173,167,156,104,55,0
4,35,134,94,46,3,17,157,169,119,176,151,132,173,167,156,104,55,0
4,35,134,94,46,3,17,157,169,119,176,151,132,173,167,156,104,55,0
4,35,134,94,46,3,17,157,169,119,176,151,132,173,167,156,104,55,0
4,35,134,94,46,3,17,157,169,119,176,151,132,173,167,156,104,55,0
4,35,134,94,46,3,17,157,169,119,176,151,132,173,167,156,104,55,0
4,35,134,94,46,3,17,157,169,119,174,151,132,173,167,156,104,55,0
4,35,134,94,46,3,17,157,169,119,174,151,132,173,167,156,104,55,0
4,35,134,94,46,3,17,157,169,119,174,151,132,173,167,156,104,55,0
4,35,134,94,46,3,17,157,169,119,174,151,132,173,167,156,104,55,0
4,35,134,94,46,3,17,157,171,119,174,151,132,173,167,156,104,55,0
4,32,134,94,44,3,15,157,171,119,174,151,132,173,167,156,104,55,0
4,32,134,97,44,1,15,157,171,119,174,151,132,173,167,156,104,55,0
4,32,134,97,44,1,15,157,171,119,174,151,132,173,167,156,104,55,0
4,32,134,97,44,1,15,157,171,119,174,151,132,173,167,156,104,55,0
4,30,134,97,44,1,15,157,171,119,174,151,132,173,167,156,104,55,0
4,30,134,97,44,1,15,157,171,119,174,151,132,173,167,156,104,55,0
4,35,136,94,44,1,15,157,171,119,174,153,132,173,167,156,104,55,0
4,35,136,94,44,1,15,157,171,119,174,153,132,173,167,156,104,55,0
4,35,139,94,44,1,15,157,171,119,174,153,132,173,167,156,104,55,0
4,39,143,94,44,1,15,157,171,119,174,153,132,173,167,156,104,55,0
4,42,143,94,44,1,15,157,171,119,174,153,132,173,167,156,104,55,0
4,42,143,94,44,1,15,157,171,119,174,153,132,173,167,156,104,55,0
4,42,143,94,44,1,15,157,171,119,174,153,132,173,167,156,104,55,0
4,42,143,94,44,1,15,157,171,119,174,153,132,173,167,156,104,55,0
4,42,143,94,44,1,15,157,171,119,174,153,132,173,167,156,104,55,0
4,42,143,94,44,1,15,157,171,119,174,153,132,173,167,156,104,55,0
4,42,143,94,44,1,15,157,171,119,174,153,132,173,167,156,104,55,0
4,42,143,94,44,1,15,157,171,119,174,153,132,173,167,156,104,55,0
4,42,143,94,44,1,15,157,171,119,174,153,132,173,167,156,104,55,0
4,42,143,94,44,1,15,157,171,119,174,153,132,173,167,156,104,55,0
4,42,143,94,44,1,15,157,171,119,174,153,132,173,167,156,104,55,0
4,42,143,94,44,1,15,157,171,119,174,153,132,173,167,156,104,55,0
4,42,143,94,44,1,15,157,171,119,174,153,132,173,167,156,104,55,0
4,42,143,94,44,1,15,157,171,119,174,153,132,173,167,156,104,55,0
4,42,143,94,44,1,15,157,171,119,174,153,132,173,167,156,104,55,0
4,42,143,94,44,1,15,157,171,119,174,153,132,173,167,156,104,55,0
4,42,143,94,44,1,15,157,171,119,174,153,132,173,167,156,104,55,0
4,42,143,94,44,1,15,157,171,119,174,153,132,173,167,156,104,55,0
4,42,143,94,44,1,15,157,171,119,174,153,132,173,167,156,104,55,0
4,42,143,94,44,1,15,157,171,119,174,153,132,173,167,156,104,55,0
4,42,143,94,44,1,15,157,171,119,174,153,132,173,167,156,104,55,0
4,42,143,94,44,1,15,157,171,119,174,153,132,173,167,156,104,55,0
4,42,143,94,44,1,15,157,171,119,174,153,132,173,167,156,104,55,0
4,42,143,94,44,1,15,157,171,119,174,153,132,173,167,156,104,55,0
4,34,136,97,44,3,15,157,171,119,174,151,132,173,167,156,104,55,0
4,34,136,97,44,3,15,157,171,119,174,151,132,173,167,156,104,55,0
4,34,136,97,44,3,15,157,171,119,174,151,132,173,167,156,104,55,0
4,34,136,97,44,3,15,157,171,119,174,151,132,173,167,156,104,55,0
4,34,136,97,44,3,15,157,171,119,174,151,132,173,167,156,104,55,0
4,34,136,97,44,3,15,157,171,119,174,151,132,173,167,156,104,55,0
4,34,136,97,44,3,15,157,171,119,174,151,132,173,167,156,104,55,0
4,34,136,97,44,3,15,157,171,119,174,151,132,173,167,156,104,55,0
4,34,136,97,44,3,15,157,171,119,174,151,132,173,167,156,104,55,0
4,34,136,97,44,3,15,157,171,119,174,151,132,173,167,156,104,55,0
4,34,136,97,44,3,15,157,171,119,174,151,132,173,167,156,104,55,0
4,34,136,97,44,3,15,157,171,119,174,151,132,173,167,156,104,55,0
4,34,136,97,44,3,15,157,171,119,174,151,132,173,167,156,104,55,0
4,34,136,97,44,3,15,157,171,119,174,151,132,173,167,156,104,55,0
4,34,136,97,44,3,15,157,171,119,174,151,132,173,167,156,104,55,0
4,34,136,95,44,3,15,157,171,119,174,151,132,173,167,156,104,55,0
4,36,136,95,44,3,15,157,171,119,174,151,132,173,167,156,104,55,0
4,36,136,95,44,3,15,157,171,119,174,151,132,173,167,156,104,55,0
4,36,136,95,44,3,15,157,171,119,174,151,132,173,167,156,104,55,0
4,36,136,95,44,3,15,157,171,119,174,151,132,173,167,156,104,55,0
4,36,136,95,44,3,15,157,171,119,174,151,132,173,167,156,104,55,0
4,36,136,95,44,3,15,157,171,119,174,151,132,173,167,156,104,55,0
4,36,136,95,44,3,15,157,171,119,174,151,132,173,167,156,104,55,0
4,36,136,95,44,3,15,157,171,119,174,151,132,173,167,156,104,55,0
4,36,136,95,44,3,15,157,171,119,174,151,132,173,167,156,104,55,0
4,36,136,95,44,3,15,157,171,119,174,151,132,173,167,156,104,55,0
4,36,136,95,44,3,15,157,171,119,174,151,132,173,167,156,104,55,0
4,36,136,95,44,3,15,157,171,119,174,151,132,173,167,156,104,55,0
4,36,136,95,44,3,15,157,171,119,174,151,132,173,167,156,104,55,0
4,36,136,95,44,3,15,157,171,119,174,151,132,173,167,156,104,55,0
4,36,136,95,44,3,15,157,171,119,174,151,132,173,167,156,104,55,0
4,36,136,95,44,3,17,157,171,119,174,151,132,173,167,156,104,55,0
4,36,136,95,44,3,17,157,171,119,174,151,132,173,167,156,104,55,0
4,36,136,95,44,3,17,157,171,119,174,151,132,173,167,156,104,55,0
4,36,136,95,44,3,17,157,171,119,174,151,132,173,167,156,104,55,0
4,36,136,95,44,3,17,157,171,119,174,151,132,173,167,156,104,55,0
4,36,136,95,44,3,17,157,171,119,174,151,132,173,167,156,104,55,0
4,43,141,95,46,3,17,157,171,119,174,151,132,173,167,156,104,55,0
4,43,141,95,46,3,17,157,171,119,174,151,132,173,167,156,104,55,0
4,43,143,95,46,3,17,157,171,119,174,151,132,173,167,156,104,55,0
4,43,143,95,46,3,17,157,171,119,174,151,132,173,167,156,104,55,0
4,43,143,95,46,3,17,157,171,119,174,151,132,173,167,156,104,55,0
4,43,143,95,46,3,17,157,171,119,174,151,132,173,167,156,104,55,0
4,34,138,98,46,3,17,157,171,119,174,151,132,173,167,156,104,55,0
4,32,138,98,46,3,17,157,171,119,174,151,132,173,167,156,104,55,0
4,32,136,98,46,3,17,157,171,119,174,151,132,173,167,156,104,55,0
4,32,136,98,46,3,17,157,171,119,174,151,132,173,167,156,104,55,0
4,32,136,98,46,3,17,157,171,119,174,151,132,173,167,156,104,55,0
4,32,136,98,46,3,17,157,171,119,174,151,132,173,167,156,104,55,0
4,32,136,98,46,3,17,157,171,119,174,151,132,173,167,156,104,55,0
4,45,143,93,46,3,17,157,171,119,174,151,132,173,167,156,104,55,0
4,45,143,93,46,3,17,157,171,119,174,151,132,173,167,156,104,55,0
4,45,143,95,46,3,17,157,171,119,174,151,132,173,167,156,104,55,0
4,45,143,95,46,3,17,157,171,119,174,151,132,173,167,156,104,55,0
4,45,143,95,46,3,17,157,171,119,174,151,132,173,167,156,104,55,0
4,41,141,95,46,3,17,157,171,119,174,151,132,173,167,156,104,55,0
4,41,141,97,46,3,17,157,171,119,174,151,132,173,167,156,104,55,0
4,33,134,97,46,3,17,157,171,119,174,151,132,173,167,156,104,55,0
4,33,134,97,46,3,17,157,171,119,174,151,132,173,167,156,104,55,0
4,33,134,95,46,3,17,157,171,119,174,151,132,173,167,156,104,55,0
4,35,134,95,46,3,17,157,171,119,174,151,132,173,167,156,104,55,0
4,35,136,95,46,3,17,157,171,119,174,151,132,173,167,156,104,55,0
4,35,136,93,46,3,17,157,171,119,174,151,132,173,167,156,104,55,0
4,38,140,93,46,3,17,157,171,119,174,151,132,173,167,156,104,55,0
4,43,138,97,46,3,23,157,159,119,174,145,132,173,167,152,104,55,0
4,43,138,100,46,3,23,157,161,119,174,145,132,173,167,152,104,55,0
4,43,138,100,48,3,23,157,161,119,174,147,132,173,167,152,104,55,0
4,45,138,100,48,3,23,157,164,119,174,147,132,173,167,152,104,55,0
4,45,138,100,48,3,23,157,164,119,174,147,132,173,167,152,104,55,0
4,45,138,100,48,3,23,157,164,119,174,147,132,173,167,152,104,55,0
4,45,138,100,48,3,23,157,164,119,174,147,132,173,167,152,104,55,0
4,33,135,100,51,3,21,157,164,119,174,147,132,173,167,152,104,55,0
4,28,133,100,51,3,21,157,164,119,174,147,132,173,167,152,104,55,0
4,28,133,98,51,3,21,157,164,119,174,147,132,173,167,152,104,55,0
4,28,133,98,51,3,21,157,166,119,174,147,132,173,167,152,104,55,0
4,28,133,96,51,3,21,157,166,119,174,147,132,173,167,152,104,55,0
4,28,133,96,51,1,21,157,166,119,174,147,132,173,167,152,104,55,0
4,28,133,92,48,1,19,157,168,119,174,150,132,173,167,155,104,55,0
4,25,133,95,44,1,14,162,168,121,174,150,134,173,167,155,104,55,0
4,25,133,95,44,1,14,162,168,121,174,150,134,173,167,155,104,55,0
4,25,133,95,44,1,14,162,168,121,174,150,134,173,167,155,104,55,0
4,25,133,95,44,1,14,162,168,121,174,150,134,173,167,155,104,55,0
4,27,133,95,44,1,14,159,168,121,174,150,134,173,167,155,104,55,0
4,27,133,95,44,1,14,159,168,121,174,150,134,175,167,153,104,55,0
4,29,133,93,41,1,9,159,168,126,174,150,147,182,161,145,104,55,0
4,29,133,93,41,1,9,159,168,126,174,150,147,182,161,145,104,55,0
4,29,133,93,41,1,9,159,168,126,174,150,147,182,161,145,104,55,0
4,29,133,93,41,1,9,159,168,126,174,150,147,182,161,145,104,55,0
4,29,133,93,41,1,9,159,168,126,174,150,147,182,161,145,104,55,0
4,29,133,93,41,1,9,159,168,126,174,150,145,182,161,145,104,55,0
4,29,133,93,41,1,9,159,168,124,174,150,145,179,161,148,104,55,0
4,29,133,93,41,1,9,159,168,124,174,150,145,179,161,148,104,55,0
4,29,133,93,41,1,9,159,168,124,174,150,143,179,161,148,104,55,0
4,29,133,93,41,1,9,159,168,124,174,150,143,179,161,148,104,55,0
4,29,133,93,41,1,9,159,168,124,174,150,143,179,161,148,104,55,0
4,31,133,93,41,1,9,157,168,124,174,150,148,181,161,145,104,55,0
4,31,133,93,41,1,9,157,168,124,174,150,148,181,161,145,104,55,0
4,31,133,93,41,1,9,157,168,124,174,150,148,181,161,145,104,55,0
4,31,133,93,41,1,9,157,168,124,174,150,148,181,161,145,104,55,0
4,31,133,93,41,1,9,157,168,124,174,150,148,181,161,145,104,55,0
4,31,133,93,41,1,9,157,168,124,174,150,148,181,161,145,104,55,0
4,31,133,93,41,1,9,157,168,124,174,150,148,181,161,145,104,55,0
4,31,133,93,41,1,9,157,168,124,174,150,148,181,161,145,104,55,0
4,31,133,93,41,1,9,157,168,124,174,150,148,181,161,145,104,55,0
4,31,133,93,41,1,9,157,168,124,174,150,148,181,161,145,104,55,0
4,31,133,93,41,1,9,157,168,124,174,150,148,181,161,145,104,55,0
4,31,133,93,41,1,9,157,168,124,174,150,148,181,161,145,104,55,0
4,31,133,93,41,1,9,157,168,124,174,150,148,181,161,145,104,55,0
4,31,133,93,41,1,9,157,168,124,174,150,148,181,161,145,104,55,0
4,31,133,93,41,1,9,157,168,124,174,150,148,181,161,145,104,55,0
4,31,133,93,41,1,9,157,168,124,174,150,148,181,161,145,104,55,0
4,31,133,93,41,1,9,157,168,124,174,150,148,181,161,145,104,55,0
4,31,133,93,41,1,9,157,168,124,174,150,148,181,161,145,104,55,0
4,31,133,93,41,1,9,157,168,124,174,150,148,181,161,145,104,55,0
4,33,133,93,44,1,15,157,168,122,174,150,140,179,161,150,102,55,0
4,33,133,93,44,1,15,157,168,122,174,150,140,179,161,150,102,55,0
4,33,133,93,44,1,15,157,168,122,174,150,140,179,161,150,102,55,0
4,33,133,93,44,1,15,157,168,122,174,150,140,179,161,150,102,55,0
4,33,133,93,44,1,15,157,168,122,174,150,140,179,161,150,102,55,0
4,33,133,93,44,1,15,157,168,122,174,150,140,179,161,150,102,55,0
4,33,133,93,44,1,15,157,168,122,174,150,140,179,161,150,102,55,0
4,33,133,93,44,1,15,157,168,122,174,150,140,179,161,150,102,55,0
4,33,133,93,44,1,15,157,168,122,174,150,140,179,161,152,102,55,0
4,33,133,93,44,1,17,157,168,122,174,150,140,179,161,152,102,55,0
4,33,133,93,44,1,17,157,168,122,174,150,138,179,161,152,102,55,0
4,33,133,93,44,1,17,157,168,120,174,150,138,177,161,155,102,55,0
4,38,140,93,47,1,23,155,168,120,172,150,136,174,161,157,102,55,0
4,38,140,93,47,1,23,155,168,120,172,150,136,174,161,157,102,55,0
4,38,140,93,47,1,23,155,168,120,172,150,136,174,161,157,102,55,0
4,38,140,93,47,1,23,153,168,120,172,150,136,174,161,157,102,55,0
4,38,140,93,47,1,23,153,168,120,172,150,136,174,161,157,102,55,0
4,38,140,93,47,1,23,153,168,120,172,150,136,174,161,157,102,55,0
4,38,140,93,47,1,23,153,168,120,172,150,136,174,161,157,102,55,0
4,38,140,93,47,1,23,153,168,120,172,150,136,174,161,157,102,55,0
4,38,140,93,47,1,23,153,168,120,172,150,136,174,161,157,102,55,0
4,38,140,93,47,1,23,153,168,120,172,150,136,174,161,157,102,55,0
4,38,140,93,47,1,23,153,168,120,172,150,136,174,161,157,102,55,0
4,38,140,93,47,1,23,153,168,120,172,150,136,174,161,157,102,55,0
4,47,142,95,47,1,32,151,168,116,169,147,130,172,161,159,102,55,0
4,51,145,97,49,3,37,148,168,112,165,144,127,168,161,159,102,55,0
4,63,145,100,49,6,42,141,168,109,160,144,124,164,163,159,102,57,0
4,76,148,100,49,8,48,135,168,107,155,144,120,161,163,159,102,57,0
4,90,148,100,49,8,52,131,166,105,150,141,117,158,166,159,104,57,0
4,97,148,100,49,12,52,127,166,105,146,141,117,155,166,159,106,57,0
4,106,148,95,55,12,59,120,166,101,132,141,102,131,163,159,112,55,0
4,103,148,95,55,12,63,116,166,98,129,141,102,129,161,159,112,55,0
4,103,148,93,55,12,63,116,166,98,129,141,102,129,161,159,112,55,0
4,103,148,93,55,12,63,116,164,98,129,141,102,126,161,159,112,55,0
4,103,148,93,58,12,63,116,164,98,129,141,100,126,161,159,112,55,0
4,103,148,93,58,12,66,113,164,96,127,141,100,124,159,159,115,55,0
4,101,150,92,60,12,72,107,160,94,119,140,98,120,161,157,115,55,0
4,99,150,92,60,12,66,107,163,97,119,144,101,120,161,161,112,55,0
4,99,150,100,60,12,62,107,165,97,122,144,101,122,161,161,110,55,0
4,99,150,108,58,10,58,110,165,99,124,144,103,125,161,161,110,55,0
4,99,150,117,58,10,55,113,167,99,127,144,103,127,161,161,106,55,0
4,99,150,122,58,10,52,115,167,99,129,144,106,129,163,161,106,55,0
4,103,152,109,54,8,47,119,169,101,131,146,108,132,166,165,104,55,0
4,101,152,109,54,8,47,119,169,101,131,146,108,132,166,165,102,55,0
4,101,152,109,54,8,47,119,169,101,131,146,108,132,166,165,102,55,0
4,101,152,109,54,8,47,119,169,101,131,146,108,132,166,165,102,55,0
4,101,152,109,54,8,47,119,169,101,131,146,108,132,166,165,102,55,0
4,104,152,109,54,8,47,119,169,101,131,146,108,132,166,165,102,55,0
4,107,152,109,54,8,47,119,169,101,131,146,108,132,166,165,102,55,0
4,111,155,91,54,8,56,119,167,99,131,146,99,132,159,165,109,55,0
4,111,155,91,54,8,58,117,165,97,131,146,99,132,156,165,109,55,0
4,111,152,89,56,8,60,117,165,97,128,146,96,129,156,165,109,53,0
4,111,152,89,56,8,63,114,165,97,128,142,96,129,156,163,111,53,0
4,111,152,89,56,8,63,114,162,95,125,142,96,125,156,163,111,53,0
4,111,150,89,58,8,67,111,162,95,123,140,96,125,154,160,111,53,0
4,98,153,96,49,26,65,86,156,97,101,129,97,110,154,152,113,57,0
4,95,153,96,49,22,65,86,156,97,101,129,97,110,154,152,113,57,0
4,95,151,96,49,22,68,86,156,97,101,129,97,110,154,152,113,57,0
4,95,151,96,53,18,68,89,156,97,101,129,97,113,154,152,113,57,0
4,95,151,96,56,15,68,92,161,97,105,135,97,115,154,156,109,57,0
4,95,148,98,60,11,65,97,164,97,111,140,97,124,158,161,107,55,0
4,34,135,99,35,1,3,159,171,129,175,154,135,181,169,154,97,55,0
4,34,135,97,32,1,1,161,171,132,178,154,138,181,167,154,97,55,0
4,34,135,94,32,1,1,161,171,132,178,154,138,181,167,154,97,55,0
4,32,135,94,32,1,1,161,171,132,178,154,138,181,164,154,100,55,0
4,29,132,92,32,1,1,161,171,132,178,154,138,177,164,154,100,55,0
4,29,132,92,36,1,3,161,171,129,178,154,134,175,162,157,100,55,0
4,29,132,89,38,1,7,161,171,127,178,152,134,175,162,157,102,55,0
4,28,132,89,36,1,5,159,171,128,176,154,131,173,167,160,107,55,0
4,28,132,89,34,1,2,159,171,131,176,154,135,173,167,158,107,55,0
4,28,134,89,32,1,2,161,171,134,178,154,137,176,167,155,107,55,0
4,28,134,86,30,1,2,161,171,136,178,154,140,176,167,153,107,55,0
4,28,134,86,27,1,2,166,171,139,182,154,144,178,167,150,107,55,0
4,26,134,86,25,1,2,169,171,143,182,157,148,178,167,146,107,55,0
4,27,123,78,42,18,2,172,159,153,189,146,160,178,167,131,105,58,0
4,32,127,78,48,7,2,172,159,149,189,146,160,178,167,135,105,58,0
4,32,127,78,50,1,2,172,159,149,189,146,157,178,167,137,105,58,0
4,29,127,78,50,1,2,172,159,147,189,146,157,178,167,137,105,58,0
4,29,127,80,50,1,2,172,159,147,189,146,155,178,167,140,105,58,0
4,27,127,80,50,1,2,172,159,147,189,146,155,178,167,140,105,58,0
4,35,131,82,45,1,2,170,159,147,187,146,155,178,167,140,105,58,0
4,35,131,82,45,1,2,170,159,147,187,146,155,178,167,140,105,58,0
4,35,131,82,45,1,2,170,159,147,187,146,155,178,167,140,105,58,0
4,35,131,82,45,1,2,170,159,147,187,146,155,178,167,140,105,58,0
4,33,131,82,45,1,2,170,159,147,187,146,155,178,167,140,105,58,0
4,33,131,82,45,1,2,170,159,147,187,146,155,178,167,140,105,58,0
4,33,131,82,45,1,2,170,159,147,187,146,155,178,167,140,105,58,0
4,35,131,82,45,1,2,168,159,147,187,146,155,178,167,140,107,58,0
4,35,131,82,45,1,2,168,162,147,187,146,155,178,167,140,107,58,0
4,35,131,82,43,1,2,168,162,147,187,146,155,178,167,140,107,58,0
4,32,131,82,43,1,2,168,162,147,187,146,155,178,167,140,107,58,0
4,30,131,85,40,1,2,168,162,147,187,146,155,178,167,140,107,58,0
4,30,131,85,40,1,2,168,162,147,185,146,155,178,167,140,107,58,0
4,30,131,87,40,1,2,168,162,147,185,146,155,178,167,140,107,58,0
4,32,131,82,46,1,2,166,164,145,185,146,152,178,167,142,107,58,0
4,34,131,79,49,1,2,166,164,143,185,146,152,178,167,142,107,58,0
4,37,131,79,49,1,2,166,164,143,185,146,150,178,167,142,107,58,0
4,37,131,77,52,1,2,166,164,143,185,146,150,178,167,142,107,58,0
4,37,131,77,52,1,2,166,164,143,185,146,150,178,167,145,107,58,0
4,37,131,77,52,1,2,166,164,143,185,146,150,176,167,145,107,58,0
4,37,131,77,52,1,2,166,164,143,185,146,150,176,167,145,107,58,0
4,27,131,88,40,1,2,164,164,145,185,146,152,176,167,142,107,58,0
4,27,131,90,40,1,2,164,166,145,185,146,152,176,167,142,107,56,0
4,27,131,90,40,1,2,164,166,145,185,146,152,176,167,142,107,56,0
4,27,131,90,40,1,2,164,166,145,183,146,152,176,167,142,107,56,0
4,27,131,90,40,1,2,164,166,145,183,146,152,176,167,142,107,56,0
4,27,131,90,40,1,2,164,166,145,183,146,152,176,167,142,107,56,0
4,30,131,88,40,1,2,164,166,145,183,146,152,176,167,142,107,56,0
4,30,131,88,40,1,2,164,166,145,183,146,152,176,167,142,107,56,0
4,30,131,88,40,1,2,164,166,145,183,146,152,176,167,142,107,56,0
4,30,131,88,40,1,2,164,166,145,183,146,152,176,167,142,107,56,0
4,30,131,88,40,1,2,164,166,145,183,146,152,176,167,142,107,56,0
4,30,131,88,40,1,2,164,166,145,183,146,152,176,167,142,107,56,0
4,32,131,83,46,1,2,164,166,143,183,148,152,176,167,142,107,56,0
4,35,131,83,46,1,2,164,166,143,183,148,150,176,167,144,107,56,0
4,35,131,83,48,1,2,164,166,143,183,148,150,176,167,144,107,56,0
4,35,134,83,48,1,2,164,166,143,183,148,150,176,167,144,107,56,0
4,35,134,83,48,1,2,164,166,143,183,148,150,176,167,144,107,56,0
4,35,134,86,43,1,2,164,166,143,183,148,150,176,167,144,107,56,0
4,35,134,86,43,1,2,164,166,143,183,148,150,176,167,144,107,56,0
4,35,134,86,41,1,2,162,166,143,183,148,150,176,167,144,107,56,0
4,35,134,86,41,1,2,162,166,143,183,148,150,176,167,144,107,56,0
4,35,134,86,41,1,2,162,166,143,183,148,150,176,167,144,107,56,0
4,35,134,86,41,1,2,162,166,143,183,148,150,176,167,144,107,56,0
4,35,134,86,41,1,2,162,166,143,183,148,150,176,167,144,107,56,0
4,35,134,86,41,1,2,162,166,143,183,148,150,176,167,144,107,56,0
4,35,134,86,44,1,2,162,166,139,179,145,148,173,167,144,107,56,0
4,35,134,86,47,1,2,158,166,134,177,142,145,171,167,149,107,56,0
4,40,134,86,52,1,15,158,166,126,174,142,140,168,164,151,104,56,0
4,40,134,86,55,1,29,154,166,121,170,139,135,168,164,155,104,56,0
4,35,134,93,76,31,62,95,160,101,112,135,104,124,154,174,101,60,0
4,35,134,93,74,31,62,98,163,101,112,137,104,126,154,174,101,60,0
4,35,134,93,74,27,60,100,163,101,116,137,104,126,154,174,101,58,0
4,35,134,93,71,25,60,103,163,101,116,137,106,126,154,174,101,58,0
4,35,134,93,71,20,58,105,163,101,119,137,106,129,154,174,101,58,0
4,35,134,93,68,14,58,109,166,103,122,139,106,129,156,174,101,58,0
4,35,134,93,68,5,54,112,166,103,124,139,106,129,156,176,101,58,0
4,40,136,93,62,1,47,127,168,105,135,141,108,134,156,176,101,58,0
4,40,136,93,62,1,47,127,168,105,135,141,108,134,156,176,101,58,0
4,40,136,93,62,1,47,127,168,105,135,141,108,134,158,176,101,58,0
4,40,136,93,62,1,47,127,168,105,135,141,108,134,158,176,101,58,0
4,40,136,93,62,1,47,127,168,105,135,141,108,134,158,176,101,58,0
4,40,136,93,62,1,47,127,168,105,135,141,108,134,158,176,101,58,0
4,40,136,93,62,1,47,127,168,105,135,141,108,134,158,176,101,58,0
4,40,136,93,65,1,51,123,168,105,135,141,108,134,158,176,99,58,0
4,40,136,93,65,4,51,121,168,105,135,141,108,134,158,176,99,58,0
4,40,136,93,65,6,54,119,168,105,131,141,108,134,158,176,99,58,0
4,40,136,93,67,6,56,119,166,103,131,139,108,134,158,176,99,58,0
4,40,136,93,67,6,58,117,166,103,131,139,108,134,158,176,99,58,0
4,40,136,93,67,6,58,117,166,103,131,139,108,134,158,176,99,58,0
4,40,136,93,67,2,58,117,166,103,131,139,108,134,158,176,99,58,0
4,40,136,93,64,2,54,122,166,103,134,139,108,134,158,176,99,58,0
4,40,136,93,64,2,54,122,166,103,134,139,108,134,158,176,99,58,0
4,40,136,93,64,2,54,122,166,103,134,139,108,134,158,176,99,58,0
4,40,136,93,64,2,54,122,166,103,134,139,108,134,158,176,99,58,0
4,40,136,93,64,2,54,122,166,103,134,139,108,134,158,176,99,58,0
4,40,136,93,64,2,54,122,166,103,134,139,108,134,158,176,99,58,0
4,40,136,93,64,2,54,122,166,103,134,139,108,134,158,176,99,58,0
4,40,136,93,64,2,54,122,166,103,134,139,108,134,158,176,99,58,0
4,40,136,93,64,2,54,122,166,103,134,139,108,134,158,176,99,58,0
4,40,136,93,64,2,54,122,166,103,134,139,108,134,158,176,99,58,0
4,40,136,93,64,2,54,122,166,103,134,139,108,134,158,176,99,58,0
4,40,136,93,64,2,54,122,166,103,134,139,108,134,158,176,99,58,0
4,40,136,93,62,2,51,122,168,103,134,141,108,134,158,176,99,56,0
4,40,136,93,62,2,51,122,168,103,134,141,108,134,160,176,99,56,0
4,40,136,93,62,2,51,122,168,103,134,141,108,134,160,176,99,56,0
4,40,136,93,62,2,51,122,168,103,134,141,108,134,160,176,99,56,0
4,40,136,93,62,2,51,122,168,103,134,141,108,134,160,176,99,56,0
4,40,136,93,62,2,51,122,168,103,134,141,108,134,160,176,99,56,0
4,40,136,93,60,2,49,133,168,105,147,141,110,155,166,176,99,56,0
4,40,136,93,57,2,45,141,168,105,156,144,113,166,170,176,99,56,0
4,40,136,93,55,2,39,146,168,109,161,144,115,171,170,173,99,56,0
4,40,136,93,55,2,35,149,168,109,164,146,118,173,172,173,99,56,0
4,40,136,93,52,2,32,149,168,112,164,146,118,173,172,170,99,56,0
4,40,136,93,50,2,29,152,168,112,167,146,121,173,172,170,99,56,0
4,37,136,93,50,2,29,152,170,112,167,148,121,173,172,170,99,56,0
4,37,136,93,47,2,26,152,170,112,167,148,121,171,170,170,99,56,0
4,37,136,93,47,2,26,152,170,112,167,148,121,171,170,170,99,56,0
4,37,136,93,47,2,26,152,170,112,167,148,121,168,170,170,99,56,0
4,37,136,93,47,2,26,148,170,112,164,148,121,168,170,170,99,56,0
4,37,136,93,50,2,30,146,170,112,164,146,121,165,170,170,99,56,0
4,37,136,93,50,2,32,146,170,112,161,146,119,165,168,170,99,56,0
4,37,136,93,52,2,35,143,170,112,159,146,119,162,168,170,99,56,0
4,37,136,95,48,2,29,153,170,112,169,148,121,172,168,170,101,56,0
4,37,136,95,48,2,29,153,170,112,169,148,121,172,168,170,101,56,0
4,37,136,95,48,2,29,153,170,112,169,148,121,172,168,170,101,56,0
4,37,136,95,48,2,29,153,170,112,169,148,121,172,168,170,101,56,0
4,37,136,95,48,2,29,153,170,112,169,148,121,172,168,170,101,56,0
4,37,136,95,48,2,29,153,170,112,169,148,121,172,168,170,101,56,0
4,37,136,95,48,2,29,153,170,112,169,148,121,172,168,170,101,56,0
4,37,136,95,48,2,29,153,170,112,169,148,121,172,168,170,101,56,0
4,37,136,95,48,2,29,153,170,112,169,148,121,172,168,170,101,56,0
4,37,136,95,48,2,29,153,170,112,169,148,121,172,168,170,101,56,0
4,37,136,95,48,2,29,153,170,112,169,148,121,172,168,170,101,56,0
4,37,136,95,48,2,29,153,170,112,169,148,121,172,168,170,101,56,0
4,37,136,95,48,2,29,153,170,112,169,148,121,172,168,170,101,56,0
4,37,136,95,48,2,29,153,170,112,169,148,121,172,168,170,101,56,0
4,37,136,95,48,2,29,153,170,112,169,148,121,170,168,170,101,56,0
4,37,136,95,48,2,29,153,170,112,166,148,121,170,168,170,101,56,0
4,37,136,95,48,2,29,151,170,112,166,148,121,170,168,170,101,56,0
4,37,136,95,48,2,29,151,170,112,166,148,121,170,168,170,101,56,0
4,37,136,95,48,2,29,151,170,112,166,148,121,168,168,170,101,56,0
4,37,136,95,48,2,29,151,170,112,166,148,121,168,168,170,101,56,0
4,37,136,95,45,2,25,157,170,114,170,148,123,170,168,165,103,56,0
4,37,136,93,45,2,25,157,170,114,170,148,123,170,168,165,103,56,0
4,37,136,93,45,2,25,157,170,114,170,148,123,170,168,165,103,56,0
4,37,136,93,45,2,25,157,170,114,170,148,123,170,168,165,103,56,0
4,37,136,93,45,2,25,157,170,114,170,148,123,170,168,165,103,56,0
4,37,136,93,45,2,25,157,170,114,170,148,123,170,168,165,103,56,0
4,37,136,93,45,2,25,157,170,114,170,148,123,170,168,165,103,56,0
4,37,136,93,45,2,25,157,170,114,170,148,123,170,168,165,103,56,0
4,37,136,93,45,2,25,157,170,114,170,148,123,170,168,165,103,56,0
4,37,136,93,45,2,25,157,170,114,170,148,123,170,168,165,103,56,0
4,37,136,93,45,2,25,157,170,114,170,148,123,170,168,165,103,56,0
4,37,136,93,45,2,25,154,170,114,170,148,123,170,168,165,103,56,0
4,42,140,93,47,2,27,154,170,114,170,148,123,170,168,165,103,56,0
4,42,140,93,47,2,27,154,170,114,170,148,123,170,168,165,103,56,0
4,42,142,93,47,2,27,154,170,114,170,148,123,170,168,165,103,56,0
4,44,142,93,47,2,27,154,170,114,170,148,123,170,168,165,103,56,0
4,44,142,93,47,2,27,154,170,114,170,148,123,170,168,167,103,56,0
4,44,142,93,47,2,27,154,170,114,170,148,123,170,168,167,103,56,0
4,46,142,93,47,2,27,154,170,114,170,148,123,170,168,167,103,56,0
4,46,142,93,47,2,27,154,170,114,170,148,123,170,168,167,101,56,0
4,46,142,93,47,2,27,154,170,114,170,148,123,170,168,167,101,56,0
4,46,142,93,47,2,27,154,170,114,170,148,123,170,168,167,101,56,0
4,46,142,93,47,2,27,154,170,114,170,148,123,170,168,167,101,56,0
4,46,142,93,47,2,27,154,170,114,170,148,123,170,168,167,101,56,0
4,46,142,93,47,2,27,154,170,114,170,148,123,170,168,167,101,56,0
4,46,142,93,47,2,27,154,170,114,170,148,123,170,168,167,101,56,0
4,52,147,96,47,2,30,154,170,114,170,145,123,170,165,158,99,72,0
4,52,147,96,50,2,34,154,170,112,170,143,123,170,165,155,102,74,0
4,52,144,96,50,2,38,154,170,112,170,143,123,170,165,155,102,74,0
4,52,144,96,50,2,38,152,170,112,170,143,123,168,165,155,102,74,0
4,52,142,96,52,2,41,152,170,109,170,143,123,168,165,158,105,71,0
4,52,142,96,52,2,41,152,170,109,170,143,121,168,165,161,105,67,0
4,52,142,96,52,2,44,152,170,109,170,143,121,168,165,161,107,64,0
4,54,144,96,50,2,44,150,170,107,168,143,119,168,165,163,110,59,0
4,54,144,96,50,2,44,150,170,107,168,143,119,168,165,163,110,59,0
4,54,142,96,50,2,44,150,170,107,168,143,119,168,165,163,110,59,0
4,54,142,94,50,2,44,150,170,107,168,143,119,168,165,163,112,57,0
4,54,142,94,50,2,44,150,170,107,168,143,119,166,165,163,112,57,0
4,54,139,94,50,2,44,150,170,107,168,143,119,166,165,163,112,57,0
4,54,139,91,50,2,44,150,170,107,168,143,119,166,165,163,112,57,0
4,60,139,84,50,2,44,150,170,107,168,145,119,166,165,156,119,51,0
4,60,137,84,50,2,44,152,170,107,168,145,119,166,165,156,119,51,0
4,57,137,84,50,2,44,152,166,107,168,145,119,166,165,156,119,51,0
4,57,137,84,50,2,44,152,166,107,168,145,119,166,165,154,119,51,0
4,57,137,82,47,2,44,152,166,110,168,145,119,166,165,154,119,51,0
4,57,137,82,47,2,44,152,166,110,168,145,119,166,165,154,119,51,0
4,57,137,77,52,2,46,154,168,110,168,145,119,166,165,152,119,51,0
4,57,137,77,52,2,46,154,166,110,168,145,119,166,165,152,119,51,0
4,57,137,77,52,2,46,154,166,110,168,145,119,166,165,152,119,51,0
4,59,137,77,52,2,46,156,166,110,168,145,119,166,165,152,119,51,0
4,59,137,77,52,2,46,156,166,110,168,145,119,166,165,152,119,51,0
4,59,137,77,55,2,46,156,166,110,168,145,119,166,165,152,119,51,0
4,59,137,79,57,2,49,156,166,107,170,145,119,166,163,150,119,51,0
4,59,137,79,57,2,49,156,166,107,170,145,119,166,163,150,119,51,0
4,59,137,79,57,2,49,156,166,107,170,145,119,166,163,150,119,51,0
4,59,137,79,57,2,49,156,166,107,170,145,119,166,163,150,119,51,0
4,59,137,79,57,2,49,156,166,107,170,145,119,166,163,150,119,51,0
4,59,137,79,57,2,49,156,166,107,170,145,119,166,163,150,119,51,0
4,59,137,79,57,2,49,156,166,107,170,145,119,166,163,150,119,51,0
4,59,137,79,57,2,49,156,166,107,170,145,119,166,163,150,119,51,0
4,59,137,79,57,2,49,156,166,107,170,145,119,166,163,150,119,51,0
4,59,137,79,57,2,49,156,166,107,170,145,119,166,163,150,119,51,0
4,59,137,83,57,2,45,156,166,107,170,145,119,166,163,152,116,51,0
4,54,139,88,53,2,42,158,168,107,170,145,119,166,165,152,116,51,0
4,47,139,91,51,2,37,158,168,110,170,148,123,166,165,156,112,51,0
4,39,137,94,48,2,31,158,168,113,172,148,125,168,165,160,106,54,0
4,39,137,94,48,2,31,158,168,113,172,148,125,168,165,160,106,54,0
4,39,137,94,48,2,31,158,168,113,172,148,125,168,165,160,106,54,0
4,39,137,94,48,2,31,158,168,113,172,148,125,168,165,160,106,54,0
4,39,137,94,48,2,31,158,168,113,172,148,125,168,165,160,106,54,0
4,39,137,94,48,2,31,158,168,113,172,148,125,168,165,160,106,54,0
4,39,137,94,48,2,31,158,168,113,172,148,125,168,165,160,106,54,0
4,39,137,94,48,2,31,158,168,113,172,148,125,168,165,160,106,54,0
4,39,137,94,46,2,31,158,168,113,172,148,125,168,165,160,106,54,0
4,39,137,94,46,2,31,158,168,113,172,148,125,168,165,160,106,54,0
4,39,137,94,46,2,31,158,168,113,172,148,125,168,165,160,106,54,0
4,39,137,94,46,2,31,158,168,113,172,148,125,168,165,160,106,54,0
4,39,137,94,46,2,31,158,168,113,172,148,125,168,165,160,106,54,0
4,39,137,94,46,2,31,158,168,113,172,148,125,168,165,160,106,54,0
4,39,137,94,46,2,31,158,168,113,172,148,125,168,165,160,106,54,0
4,39,137,94,46,2,31,158,168,113,172,148,125,168,165,160,106,54,0
4,39,137,94,46,2,31,158,168,113,172,148,125,168,165,160,106,54,0
4,39,137,94,46,2,31,158,168,113,172,148,125,168,165,160,106,54,0
4,39,137,94,46,2,31,158,168,113,172,148,125,168,165,160,106,54,0
4,39,137,94,46,2,31,158,168,113,172,148,125,168,165,160,106,54,0
4,39,137,94,46,2,31,158,168,113,172,148,125,168,165,160,106,54,0
4,39,137,94,46,2,31,158,168,113,172,148,125,168,165,160,106,54,0
4,45,144,94,48,2,33,156,168,113,172,148,125,168,165,160,106,54,0
4,45,144,94,48,2,33,156,168,113,172,148,125,168,165,160,106,54,0
4,45,144,94,48,2,33,153,168,113,172,148,125,168,165,160,106,54,0
4,45,144,97,48,2,33,153,168,113,172,148,125,168,165,160,106,54,0
4,45,141,97,48,2,33,153,168,113,172,148,125,168,165,160,106,54,0
4,45,141,97,48,2,33,153,168,113,172,148,125,168,165,160,106,54,0
4,37,137,97,45,2,26,153,170,115,172,148,127,168,165,160,106,54,0
4,37,137,97,45,2,26,153,170,115,172,148,127,168,165,160,106,54,0
4,37,137,97,45,2,26,153,170,115,172,148,127,168,165,160,106,54,0
4,37,137,97,45,2,26,153,170,115,172,148,127,168,165,160,106,54,0
4,37,137,97,45,2,26,153,170,115,172,148,127,168,165,160,106,54,0
4,37,137,97,45,2,26,153,170,115,172,148,127,168,167,160,106,54,0
4,37,137,97,43,2,26,153,170,115,172,148,127,168,167,160,106,54,0
4,37,137,97,43,2,26,153,170,115,172,148,127,168,167,160,106,54,0
4,37,137,97,43,2,26,153,170,115,172,148,127,168,167,160,106,54,0
4,37,137,97,43,2,26,153,170,115,172,148,127,168,167,160,106,54,0
4,37,137,97,43,2,26,153,170,115,172,148,127,168,167,160,106,54,0
4,37,137,97,43,2,26,153,170,115,172,148,127,168,167,160,106,54,0
4,37,137,95,43,2,26,155,170,115,172,148,127,168,167,160,106,54,0
4,37,137,95,43,2,26,155,170,115,172,148,127,168,167,160,106,54,0
4,37,137,95,43,2,26,155,170,115,172,148,127,168,167,160,106,54,0
4,37,137,95,43,2,26,155,170,115,172,148,127,168,167,160,106,54,0
4,37,137,95,43,2,26,155,170,115,172,148,127,168,167,160,106,54,0
4,37,137,95,43,2,26,155,170,115,172,148,127,168,167,160,106,54,0
4,37,137,95,43,2,26,155,170,115,172,148,127,168,167,160,106,54,0
4,37,137,95,43,2,26,155,170,115,172,148,127,168,167,160,106,54,0
4,37,137,95,43,2,28,155,170,115,172,148,127,168,167,160,106,54,0
4,37,137,95,45,2,28,155,170,115,172,148,127,168,167,160,106,54,0
4,37,137,95,45,2,28,155,170,115,170,148,127,168,167,160,106,54,0
4,37,137,95,45,2,28,153,170,115,170,148,127,168,167,160,106,54,0
4,42,144,95,45,2,28,153,170,115,170,148,127,166,167,162,106,54,0
4,46,146,95,45,2,30,153,170,115,170,148,127,166,167,162,106,54,0
4,49,146,95,45,2,30,153,170,115,170,148,127,166,167,162,106,54,0
4,49,146,95,45,2,30,153,170,115,170,148,127,166,167,162,106,54,0
4,49,146,95,45,2,30,153,170,115,170,148,127,166,167,162,106,54,0
4,49,146,97,45,2,30,153,170,115,170,148,127,166,167,162,106,54,0
4,46,144,97,47,2,30,153,170,115,170,148,127,166,167,162,106,54,0
4,36,134,100,52,4,37,151,168,112,168,145,125,166,167,162,104,54,0
4,36,134,100,52,4,37,151,168,112,168,145,125,166,167,162,104,54,0
4,36,134,100,52,4,37,151,168,112,168,145,125,166,167,162,104,54,0
4,36,134,100,52,4,37,151,168,112,168,145,125,166,167,162,104,54,0
4,36,134,100,52,4,37,151,168,112,168,145,125,166,167,162,104,54,0
4,36,134,98,52,4,37,151,168,112,168,145,125,166,167,162,104,54,0
4,36,134,98,52,4,37,151,168,112,168,145,125,166,167,162,104,54,0
4,39,134,96,52,4,35,151,168,112,168,145,125,164,167,162,104,54,0
4,39,134,94,50,4,35,151,168,112,168,145,125,164,167,162,104,54,0
4,39,130,91,50,4,35,151,168,112,168,145,125,164,167,162,104,54,0
4,41,128,91,50,4,35,151,168,112,168,145,125,164,167,162,104,54,0
4,44,126,91,50,4,35,151,168,112,168,145,125,164,167,162,104,56,0
4,44,126,91,50,4,38,151,168,112,168,145,125,164,167,162,104,56,0
4,31,130,91,50,6,36,156,170,112,172,147,125,167,167,162,102,56,0
4,31,132,94,52,6,36,156,170,112,172,147,125,167,167,162,102,56,0
4,31,132,94,52,6,36,154,170,112,172,147,125,167,165,162,102,56,0
4,34,132,94,52,6,36,154,170,112,169,147,125,167,165,162,102,56,0
4,34,134,94,55,6,39,151,170,110,169,145,122,167,165,165,102,56,0
4,34,134,94,55,6,42,151,170,110,167,145,122,165,165,165,102,56,0
4,1,110,85,61,6,53,149,168,108,167,142,119,165,165,163,102,56,0
4,1,110,88,64,6,53,149,168,108,167,142,119,165,163,163,102,56,0
4,1,108,88,64,6,56,149,168,108,167,142,117,165,163,163,102,56,0
4,1,108,91,68,6,56,149,168,105,167,139,117,165,163,163,102,56,0
4,1,108,91,68,6,59,149,168,105,167,139,117,165,161,163,102,56,0
4,1,108,95,75,14,62,143,168,103,163,137,114,165,161,163,102,56,0
4,1,108,95,75,14,64,143,168,103,163,137,114,165,161,163,102,56,0
4,1,110,95,75,14,64,143,168,103,163,137,114,165,161,163,102,56,0
4,1,110,95,75,17,64,143,168,103,163,137,114,165,161,163,102,56,0
4,1,110,95,75,17,62,143,168,103,163,137,114,165,161,163,102,56,0
4,1,113,95,75,17,62,143,168,103,163,137,114,165,161,163,102,56,0
4,1,113,95,75,17,62,143,168,103,163,137,114,165,161,163,102,56,0
4,42,132,95,51,9,39,146,168,109,163,144,120,165,166,167,99,56,0
4,45,132,95,51,6,37,146,168,111,163,144,120,165,166,167,99,56,0
4,48,132,95,48,6,37,146,171,111,163,144,120,165,166,167,99,56,0
4,48,134,95,48,6,34,148,171,111,163,144,120,165,166,167,99,56,0
4,48,134,95,48,6,34,148,171,111,163,144,122,165,166,167,99,56,0
4,48,134,95,48,6,34,148,171,111,163,144,122,165,166,167,99,56,0
4,45,134,95,48,4,34,148,171,111,163,144,122,165,166,167,99,56,0
4,43,134,95,48,4,34,148,171,111,165,144,122,165,166,167,99,56,0
4,43,134,95,48,4,34,148,171,111,165,144,122,165,166,167,99,56,0
4,43,134,95,48,4,34,148,171,111,165,144,122,165,166,167,99,56,0
4,43,134,95,48,4,34,148,171,111,165,144,122,165,166,167,99,56,0
4,43,134,95,48,4,34,148,171,111,165,144,122,165,166,167,99,56,0
4,43,134,95,48,4,34,148,171,111,165,144,122,165,166,167,99,56,0
4,43,134,95,48,4,34,148,171,111,165,144,122,165,166,167,99,56,0
4,43,134,95,48,4,34,148,171,111,165,144,122,165,166,167,99,56,0
4,43,134,95,48,4,34,148,171,111,165,144,122,165,166,167,99,56,0
4,43,134,95,48,4,34,148,171,111,165,144,122,165,166,167,99,56,0
4,43,134,95,48,4,34,148,171,111,165,144,122,165,166,167,99,56,0
4,43,134,95,48,4,34,148,171,111,165,144,122,165,166,167,99,56,0
4,43,134,95,48,4,34,148,171,111,165,144,122,165,166,167,99,56,0
4,43,134,95,48,4,34,148,171,111,165,144,122,165,166,167,99,56,0
4,43,134,95,48,4,34,148,171,111,165,144,122,165,166,167,99,56,0
4,43,134,95,48,4,34,148,171,111,165,144,122,165,166,167,99,56,0
4,43,134,95,48,4,34,148,171,111,165,144,122,165,166,167,99,56,0
4,43,134,95,48,4,34,148,171,111,165,144,122,165,166,167,99,56,0
4,43,134,95,48,4,34,148,171,111,165,144,122,165,166,167,99,56,0
4,43,134,95,48,4,34,148,171,111,165,144,122,165,166,167,99,56,0
4,43,136,95,48,4,34,148,171,111,165,144,122,165,166,167,99,56,0
4,43,136,95,48,4,34,148,171,111,165,144,122,165,166,167,99,56,0
4,43,136,95,48,4,34,148,171,111,165,144,122,165,166,167,99,56,0
4,43,136,95,48,4,34,148,171,111,165,144,122,165,166,167,99,56,0
4,43,136,95,48,4,34,148,171,111,165,144,122,165,166,167,99,56,0
4,43,136,95,48,4,34,148,171,111,165,144,122,165,166,167,99,56,0
4,43,136,95,48,4,34,148,171,111,165,144,122,165,166,167,99,56,0
4,43,136,95,48,4,34,148,171,111,165,144,122,165,166,167,99,56,0
4,43,136,95,48,4,34,148,171,111,165,144,122,165,166,167,99,56,0
4,43,136,95,48,4,34,148,171,111,165,144,122,165,166,167,99,56,0
4,43,136,95,48,4,34,148,171,111,165,144,122,165,166,167,99,56,0
4,43,136,95,48,4,34,148,171,111,165,144,122,165,166,167,99,56,0
4,43,136,95,48,4,34,148,171,111,165,144,122,165,166,167,101,56,0
4,43,136,95,48,4,34,148,171,111,165,144,122,165,166,167,101,56,0
4,49,139,95,48,4,38,148,171,111,165,144,119,165,166,167,101,56,0
4,52,139,95,53,4,46,148,171,107,165,144,117,165,166,167,105,56,0
4,55,139,95,58,4,56,146,171,102,162,144,113,165,163,167,105,56,0
4,58,139,95,62,4,64,142,168,97,157,144,108,165,163,165,107,56,0
4,64,142,95,64,7,69,137,168,94,152,144,103,162,163,165,107,56,0
4,105,146,98,62,9,68,125,168,92,139,144,98,151,161,162,110,56,0
4,105,146,100,62,9,66,125,168,94,139,144,100,149,161,162,110,56,0
4,107,146,100,62,9,66,125,168,94,139,144,100,149,163,162,110,56,0
4,112,146,100,62,9,66,123,166,94,139,144,100,149,163,159,110,56,0
4,112,146,100,62,9,66,123,166,94,139,144,100,149,163,159,110,56,0
4,112,146,95,62,9,66,123,166,94,139,144,100,146,163,159,110,56,0
4,109,146,92,62,9,68,123,166,94,137,144,100,146,163,159,110,56,0
4,91,141,94,55,9,55,118,168,100,134,146,106,144,166,165,104,56,0
4,86,141,96,55,9,52,118,168,103,134,146,109,144,166,168,104,56,0
4,76,141,96,53,9,49,121,168,103,134,146,109,144,166,168,102,56,0
4,67,141,98,53,9,47,121,168,103,137,146,111,144,166,170,102,56,0
4,62,138,98,53,9,47,123,168,103,137,146,111,144,166,170,102,56,0
4,55,138,98,53,9,47,123,168,103,137,146,111,144,168,170,100,56,0
4,48,136,100,50,9,36,123,170,107,139,149,113,146,168,172,100,56,0
4,48,136,100,48,9,36,126,170,107,139,149,113,146,168,172,100,56,0
4,48,136,100,48,9,36,126,170,107,139,149,116,146,168,172,100,56,0
4,48,136,100,48,9,36,126,170,107,139,149,116,146,168,172,100,56,0
4,48,136,100,48,9,36,126,170,107,139,149,116,146,168,172,100,56,0
4,48,136,100,48,9,36,126,170,107,139,149,116,146,168,172,100,56,0
4,48,136,100,48,9,36,126,170,109,139,149,116,146,168,172,100,56,0
4,48,136,100,51,9,39,126,170,109,139,149,116,146,168,172,100,56,0
4,48,136,100,61,13,45,126,166,106,139,144,113,146,165,172,100,56,0
4,48,136,97,74,18,57,122,161,104,139,136,113,146,163,172,100,56,0
4,48,136,97,83,23,66,120,158,104,136,129,110,146,163,172,97,56,0
4,48,136,97,87,26,70,117,156,102,136,126,110,143,160,172,97,56,0
4,46,136,97,84,29,66,115,156,102,134,130,108,143,160,172,95,56,0
4,46,136,97,84,29,66,115,156,102,134,130,108,143,160,172,95,56,0
4,46,136,97,82,29,66,115,156,102,134,133,108,143,160,172,95,56,0
4,46,136,97,82,29,66,115,158,102,134,133,108,143,160,172,95,56,0
4,46,136,97,82,29,64,115,158,102,134,133,108,143,160,172,97,56,0
4,46,136,97,79,26,64,115,158,102,134,135,108,143,160,172,97,56,0
4,46,136,97,74,24,62,117,161,102,134,137,108,143,160,172,97,56,0
4,46,136,97,74,24,62,117,161,102,134,137,108,143,160,172,97,56,0
4,46,136,97,74,24,62,117,161,102,134,137,108,143,160,172,97,56,0
4,46,136,97,74,24,59,117,163,102,134,137,108,143,160,172,97,56,0
4,46,136,97,72,24,59,117,163,102,134,137,108,143,160,172,97,56,0
4,46,136,97,72,24,59,117,163,102,134,137,108,143,160,172,97,56,0
4,46,136,97,67,22,54,117,165,104,134,140,108,143,160,172,97,56,0
4,46,136,97,67,22,54,117,165,104,134,140,108,143,160,172,97,56,0
4,46,136,97,64,22,52,120,165,104,136,140,108,143,160,172,97,56,0
4,46,136,97,64,20,52,120,168,104,136,140,110,143,160,172,97,56,0
4,46,136,97,61,20,48,122,168,106,138,140,110,143,162,172,94,56,0
4,46,136,97,61,20,48,124,168,106,138,140,110,146,162,172,94,56,0
4,46,136,97,61,17,45,124,168,106,140,140,110,146,162,172,94,56,0
4,46,136,100,58,8,45,133,168,106,147,140,113,148,162,170,82,56,0
4,46,136,100,58,8,45,133,168,106,147,140,113,148,162,170,82,56,0
4,46,136,100,58,8,45,133,168,106,147,140,113,148,162,170,82,56,0
4,46,136,100,58,8,45,133,168,106,147,140,113,148,162,170,82,56,0
4,46,136,100,58,8,48,133,168,106,147,140,113,148,162,170,82,56,0
4,46,136,100,58,8,48,133,168,106,147,140,113,148,162,170,82,56,0
4,46,136,100,58,8,48,133,168,106,147,140,113,148,162,170,82,56,0
4,43,136,109,67,11,72,128,168,94,138,137,110,143,162,158,74,58,0
4,43,136,114,70,8,75,128,168,94,138,137,107,143,162,155,74,58,0
4,45,136,118,70,8,77,128,168,91,138,137,107,143,162,152,74,61,0
4,45,136,118,72,8,77,128,168,91,138,139,107,143,162,149,74,61,0
4,45,136,118,72,8,77,128,168,91,138,139,107,143,162,149,74,61,0
4,45,136,118,72,8,77,128,168,91,138,139,107,143,162,149,74,61,0
4,45,136,118,72,6,77,131,168,91,140,139,110,143,162,146,72,63,0
4,47,136,120,70,4,72,135,168,93,142,139,116,145,160,140,72,68,0
4,47,136,120,70,4,72,135,168,93,142,139,116,147,160,140,72,68,0
4,47,136,120,70,4,72,135,168,93,142,139,116,147,160,140,72,68,0
4,47,136,123,70,4,72,135,168,93,142,139,116,147,160,140,72,68,0
4,47,138,123,70,4,72,135,168,93,142,139,116,147,160,140,72,68,0
4,47,138,123,70,4,72,135,168,93,142,139,116,147,160,140,72,68,0
4,47,138,125,70,2,72,135,168,93,142,139,116,147,160,140,72,68,0
4,50,138,127,72,2,76,138,165,91,144,139,116,149,160,140,72,66,0
4,50,138,127,72,2,76,138,165,91,144,139,116,149,160,140,72,66,0
4,50,138,127,72,2,76,138,165,91,144,139,116,149,160,140,72,66,0
4,50,138,127,72,2,76,138,165,91,144,139,116,149,160,140,72,66,0
4,50,138,127,72,2,76,138,165,91,144,139,116,149,160,140,72,66,0
4,50,138,127,72,2,76,138,165,91,144,139,116,149,160,140,72,66,0
4,50,138,127,72,2,76,138,165,91,144,139,116,149,160,140,72,66,0
4,50,138,127,72,2,76,138,165,91,144,139,116,149,158,138,72,66,0
4,50,138,127,72,2,76,138,165,91,144,139,116,149,158,138,72,66,0
4,50,138,127,72,2,76,138,165,91,144,139,116,149,158,138,72,66,0
4,50,138,129,72,2,76,138,165,91,144,139,116,149,158,138,72,66,0
4,50,138,129,72,2,76,138,165,91,144,139,116,149,158,138,72,66,0
4,50,138,129,72,2,76,138,165,91,144,139,116,149,158,138,72,66,0
4,50,138,129,72,2,76,138,165,91,144,139,116,149,158,138,70,66,0
4,50,138,129,72,2,76,138,165,91,144,139,116,149,158,138,70,66,0
4,50,138,129,72,2,76,138,165,91,144,139,116,149,158,138,70,66,0
4,50,138,129,74,2,76,138,165,91,144,139,116,149,158,138,70,66,0
4,50,138,129,74,2,76,138,165,91,144,139,116,149,158,138,70,66,0
4,50,138,129,74,2,79,138,165,91,144,139,116,149,158,138,70,66,0
4,50,138,129,74,2,79,138,165,91,144,139,116,149,158,138,70,66,0
4,50,138,129,74,2,79,140,165,91,144,139,116,149,158,138,70,66,0
4,50,138,129,74,2,79,140,165,91,144,139,116,151,158,138,70,66,0
4,50,138,129,74,2,79,140,165,91,144,139,116,151,158,138,70,66,0
4,50,138,129,74,2,79,140,165,91,144,139,116,151,158,138,70,66,0
4,50,138,129,74,2,79,140,165,91,144,139,116,151,158,138,70,66,0
4,50,138,129,74,2,79,140,165,91,144,139,116,151,158,138,70,66,0
4,50,138,129,74,2,79,140,165,91,144,139,116,151,158,138,70,66,0
4,50,138,129,74,2,79,140,165,91,144,139,116,151,158,138,70,66,0
4,50,138,129,74,2,79,140,165,91,144,139,116,151,158,138,70,66,0
4,50,138,129,74,2,79,140,165,91,144,139,116,151,158,138,70,66,0
4,50,138,129,74,2,79,140,165,91,144,139,116,151,158,138,70,66,0
4,50,138,129,74,2,79,140,165,91,144,139,116,151,158,138,70,66,0
4,50,138,129,74,2,79,140,165,91,144,139,116,151,158,138,70,66,0
4,50,138,129,74,2,79,140,165,91,144,139,116,151,158,138,70,66,0
4,50,138,129,74,2,79,140,165,91,144,139,116,151,158,138,70,66,0
4,50,138,129,74,2,79,140,165,91,144,139,116,151,158,138,70,66,0
4,50,138,129,74,2,79,140,165,91,144,139,116,151,158,138,70,66,0
4,50,138,129,74,2,79,140,165,91,144,139,116,151,158,138,70,66,0
4,50,138,129,74,2,79,140,165,91,144,139,116,151,158,138,70,66,0
4,50,138,129,74,2,79,140,165,91,144,139,116,151,158,138,70,66,0
4,50,138,127,74,2,79,140,165,91,144,139,116,151,158,138,70,66,0
4,50,138,127,74,2,79,140,165,91,144,139,116,151,158,138,70,66,0
4,50,138,127,74,2,79,140,165,91,144,139,116,151,158,138,70,66,0
4,50,138,127,74,2,79,140,165,91,144,139,116,151,158,138,70,66,0
4,50,138,127,74,2,79,140,165,91,144,139,116,151,158,138,70,66,0
4,50,138,127,74,2,79,140,165,91,144,139,116,151,158,138,70,66,0
4,50,138,127,74,2,79,140,165,91,144,139,116,151,158,138,70,66,0
4,50,138,127,74,2,79,140,165,91,144,139,116,151,158,138,70,66,0
4,50,138,127,74,2,79,140,165,91,144,139,116,151,158,138,70,66,0
4,50,138,127,74,2,79,140,165,91,144,139,116,151,158,138,70,66,0
4,50,138,127,74,2,79,140,165,91,144,139,116,151,158,138,70,66,0
4,50,138,127,74,2,79,140,165,91,144,139,116,151,158,138,70,66,0
4,50,138,127,74,2,79,140,165,91,144,139,116,151,158,138,70,66,0
4,50,138,127,74,2,79,140,165,91,144,139,116,151,158,138,70,66,0
4,50,138,127,74,2,79,140,165,91,144,139,116,151,158,138,70,66,0
4,50,138,127,74,2,79,140,165,91,144,139,116,151,158,138,70,66,0
4,50,138,127,74,2,79,140,165,91,144,139,116,151,158,138,70,66,0
4,50,138,127,74,2,79,140,165,91,144,139,116,151,158,138,70,66,0
4,50,138,127,74,2,79,140,165,91,144,139,116,151,158,138,70,66,0
4,50,138,127,74,2,79,140,165,91,144,139,116,151,158,138,70,66,0
4,50,138,127,74,2,79,140,165,91,144,139,116,151,158,138,70,66,0
4,50,138,127,74,2,79,140,165,91,144,139,116,151,158,138,70,66,0
4,50,138,127,74,2,79,140,165,91,144,139,116,151,158,138,70,66,0
4,50,138,127,74,2,79,140,165,91,144,139,116,151,158,138,70,66,0
4,50,138,127,74,2,79,140,165,91,144,139,116,151,158,138,70,66,0
4,50,138,127,74,2,79,140,165,91,144,139,116,151,158,138,70,66,0
4,50,138,127,74,2,79,140,165,91,144,139,116,151,158,138,70,66,0
4,50,138,127,74,2,79,140,165,91,144,139,116,151,158,138,70,66,0
4,50,138,127,74,2,79,140,165,91,144,139,116,151,158,138,70,66,0
4,50,138,127,74,2,79,140,165,91,144,139,116,151,158,138,70,66,0
4,50,138,127,74,2,79,140,165,91,144,139,116,151,158,138,70,66,0
4,50,138,127,74,2,79,140,165,91,144,139,116,151,158,138,70,63,0
4,46,138,122,74,2,79,138,165,91,144,139,116,151,158,138,72,61,0
4,42,138,122,74,2,79,138,165,91,144,139,112,151,158,143,75,61,0
4,39,138,122,74,2,79,138,165,91,144,139,109,151,161,145,78,57,0
4,39,138,122,74,2,72,136,165,94,144,139,109,151,161,147,80,57,0
4,57,136,102,45,8,33,131,168,113,144,148,119,151,168,155,103,60,0
4,61,136,102,43,11,31,128,168,113,144,148,117,151,165,155,103,60,0
4,64,136,99,43,11,31,128,168,113,144,148,117,151,165,155,103,60,0
4,66,136,99,43,11,33,128,168,113,144,148,117,151,165,155,103,60,0
4,66,136,99,47,11,38,128,168,108,144,148,114,151,165,155,107,62,0
4,73,136,99,47,11,42,128,168,106,142,148,112,151,165,155,107,62,0
4,78,136,99,47,13,45,128,168,106,142,148,109,151,165,155,107,62,0
4,73,141,94,55,18,68,112,155,96,126,140,100,138,165,155,113,59,0
4,73,141,94,55,18,68,112,151,96,123,137,100,138,165,153,113,59,0
4,70,141,94,55,20,72,109,149,94,121,134,100,135,165,153,113,59,0
4,67,141,94,52,23,72,104,149,94,117,131,100,133,165,149,113,59,0
4,64,144,97,48,26,68,99,153,96,112,131,100,129,165,149,113,59,0
4,64,144,97,48,26,66,96,153,98,110,131,102,127,165,149,113,59,0
4,64,144,97,48,26,66,96,153,98,110,131,102,127,165,149,113,59,0
4,70,142,109,47,26,50,107,163,105,122,143,110,135,168,165,103,57,0
4,73,142,109,47,26,48,107,163,105,122,143,110,135,168,165,103,57,0
4,77,142,109,47,26,48,110,163,105,122,143,110,135,168,165,103,59,0
4,80,142,109,47,26,48,110,166,105,122,143,110,135,168,165,103,59,0
4,80,142,109,47,24,48,110,166,105,122,143,110,135,168,165,103,59,0
4,84,142,109,47,24,48,110,166,105,122,143,110,135,168,165,101,59,0
4,84,142,109,47,24,48,110,166,105,122,143,110,135,168,165,101,61,0
4,73,142,104,51,21,52,110,168,103,122,143,110,135,168,165,103,66,0
4,73,142,104,51,21,54,110,168,103,122,143,110,135,168,165,103,66,0
4,73,142,102,51,21,54,110,168,103,122,143,110,135,168,165,103,66,0
4,75,142,102,53,21,54,110,168,103,122,143,110,135,168,165,103,66,0
4,75,142,100,53,21,54,110,168,103,122,143,110,135,168,165,103,66,0
4,75,142,100,53,21,54,110,168,103,122,143,110,135,168,165,103,66,0
4,77,142,100,53,21,56,110,168,103,122,141,108,135,168,165,103,66,0
4,75,142,102,53,21,56,110,168,103,122,141,108,135,168,167,103,66,0
4,75,142,102,53,21,56,110,168,103,122,141,108,135,168,167,103,66,0
4,75,142,102,53,21,56,110,168,103,122,141,108,135,168,167,103,66,0
4,75,142,102,53,21,56,110,168,103,122,141,108,135,168,167,103,66,0
4,73,142,102,53,21,54,110,168,103,122,141,108,135,168,167,103,66,0
4,73,142,102,53,21,54,110,168,103,122,143,108,135,168,167,103,66,0
4,73,142,102,53,21,54,110,168,103,122,143,108,135,168,167,103,64,0
4,73,142,102,56,21,57,110,168,101,122,143,108,135,168,169,105,64,0
4,73,142,102,56,21,59,110,168,101,122,143,108,135,168,169,105,64,0
4,73,142,102,58,21,59,110,168,101,122,143,108,135,168,169,105,64,0
4,73,142,102,58,21,59,110,168,101,122,141,108,135,168,169,105,64,0
4,73,142,102,58,21,61,110,168,101,122,141,108,135,168,169,105,64,0
4,73,142,102,58,21,61,110,168,101,122,141,106,135,168,169,105,64,0
4,64,139,102,58,21,59,110,168,101,122,141,106,135,168,169,105,64,0
4,64,139,102,58,21,59,110,168,101,122,141,106,135,168,169,105,64,0
4,64,139,102,58,21,59,110,168,101,122,143,106,135,168,169,105,64,0
4,64,139,102,58,21,59,110,168,101,122,143,106,135,168,169,105,64,0
4,62,139,102,58,21,59,110,168,101,122,143,106,135,168,169,105,64,0
4,62,139,102,58,21,59,110,168,101,122,143,106,135,168,169,103,64,0
4,57,139,102,56,21,56,110,168,101,122,143,108,135,168,171,103,64,0
4,57,137,102,56,21,56,110,168,101,122,143,108,135,168,171,103,64,0
4,57,137,102,56,21,56,110,168,101,122,143,108,135,168,171,103,64,0
4,57,137,102,56,21,56,110,168,101,122,143,108,135,168,171,103,64,0
4,57,137,102,56,21,56,110,168,101,122,143,108,135,168,171,103,64,0
4,57,137,102,56,21,54,110,168,101,122,143,108,135,168,171,103,62,0
4,57,137,102,56,21,54,110,168,101,122,143,108,135,168,171,103,62,0
4,57,137,102,56,21,54,110,168,101,122,143,108,135,168,171,103,62,0
4,57,137,102,56,21,54,110,170,101,122,143,108,135,168,171,103,62,0
4,57,137,102,56,21,54,110,170,101,122,143,108,135,168,173,103,62,0
4,57,137,102,56,21,54,110,170,101,122,143,108,135,168,173,103,62,0
4,57,137,102,56,21,54,110,170,101,122,143,108,135,168,173,103,62,0
4,57,137,102,56,21,54,110,170,101,122,145,108,135,168,173,103,62,0
4,57,137,102,54,21,51,110,170,103,122,145,108,135,168,173,103,62,0
4,57,137,102,54,21,51,110,170,103,122,145,108,135,168,173,101,62,0
4,57,137,102,54,21,51,110,170,103,122,145,108,135,168,173,101,62,0
4,57,137,102,54,21,49,110,170,103,122,145,108,135,168,173,101,62,0
4,57,137,102,54,21,49,110,170,103,122,145,108,135,168,173,101,62,0
4,57,137,102,54,21,49,110,170,103,122,145,108,135,168,173,101,62,0
4,57,137,102,54,21,49,110,170,103,122,145,108,135,168,173,101,62,0
4,57,137,102,54,21,49,110,170,103,122,145,108,135,168,173,101,62,0
4,57,137,102,54,21,49,110,170,103,122,145,110,135,168,173,101,60,0
4,55,137,102,54,21,49,110,170,103,122,145,110,135,168,173,101,60,0
4,55,137,102,51,21,49,110,170,103,122,145,110,135,170,173,101,60,0
4,52,137,102,51,21,46,112,170,105,122,145,110,135,170,173,101,60,0
4,52,137,102,51,21,46,115,170,105,122,145,110,135,170,173,101,60,0
4,49,137,102,51,18,43,119,170,105,127,145,110,135,170,173,101,60,0
4,49,137,102,49,15,43,123,170,105,130,145,110,135,170,173,101,60,0
4,46,135,102,49,4,40,144,170,105,148,145,110,143,168,173,101,60,0
4,46,135,102,49,4,40,144,170,105,148,145,110,143,168,173,101,60,0
4,46,135,102,49,4,40,144,170,105,148,145,110,143,168,173,101,60,0
4,46,135,102,49,4,40,144,170,105,148,145,110,143,168,173,101,60,0
4,46,135,102,49,4,40,144,170,105,148,145,110,143,168,173,101,60,0
4,46,135,102,49,7,40,144,170,105,148,145,110,143,168,173,101,60,0
4,46,135,102,49,9,40,139,170,105,146,145,110,143,168,173,101,60,0
4,46,135,102,49,9,40,139,170,105,146,145,110,143,168,173,101,60,0
4,48,135,102,49,9,40,139,170,105,146,145,110,143,168,173,101,60,0
4,48,135,102,49,9,40,139,170,105,146,145,110,143,168,173,101,60,0
4,48,135,102,49,9,40,139,170,105,146,145,110,143,168,173,101,60,0
4,48,135,102,49,9,40,139,170,105,146,145,110,143,168,173,101,60,0
4,48,135,100,49,9,40,139,170,105,146,145,110,143,168,173,101,60,0
4,48,135,100,49,9,40,139,170,105,146,145,110,143,168,173,101,60,0
4,48,135,100,49,9,40,139,170,105,146,145,110,143,168,173,101,60,0
4,48,135,100,49,9,40,139,170,105,146,145,110,143,168,173,101,60,0
4,48,135,100,49,9,40,139,170,105,146,145,110,143,168,173,101,60,0
4,48,135,100,49,9,40,139,170,105,146,145,110,143,168,173,101,60,0
4,48,135,100,49,9,40,139,170,105,146,145,110,143,168,173,101,60,0
4,48,135,100,49,9,40,139,170,105,146,145,110,143,168,173,101,60,0
4,48,135,100,49,9,40,139,170,105,146,145,110,143,168,173,101,60,0
4,48,135,100,49,9,40,139,170,105,146,145,110,143,168,173,101,60,0
4,48,135,100,49,9,40,139,170,105,146,145,110,143,168,173,101,60,0
4,48,135,100,49,9,40,139,170,105,146,145,110,143,168,173,101,60,0
4,48,135,100,49,9,40,139,170,105,146,145,110,143,168,173,101,60,0
4,48,135,100,49,9,42,139,170,105,146,145,110,143,168,173,101,60,0
4,48,135,100,49,9,42,139,170,105,146,145,110,143,168,173,101,60,0
4,48,135,100,49,9,42,139,170,105,146,145,110,143,168,173,101,60,0
4,48,135,100,49,9,42,139,170,105,146,145,110,143,168,173,101,60,0
4,48,135,100,49,9,42,139,170,105,146,145,110,143,168,173,101,58,0
4,48,135,100,49,9,42,139,170,105,146,145,110,143,168,173,101,58,0
4,48,135,100,49,9,40,137,170,105,146,145,110,143,168,173,101,58,0
4,48,135,100,49,9,40,137,170,105,146,145,110,143,168,173,101,58,0
4,48,135,100,49,9,40,137,170,105,146,145,110,143,168,173,101,58,0
4,48,135,100,49,9,40,137,170,105,146,145,112,143,168,173,101,58,0
4,48,135,100,47,9,40,137,170,105,146,145,112,143,168,173,101,58,0
4,48,135,100,47,9,40,137,170,105,144,147,112,143,168,173,101,58,0
4,48,135,100,47,9,38,137,170,105,144,147,112,143,168,173,101,58,0
4,48,135,100,47,9,38,137,170,105,144,147,112,143,168,173,101,58,0
4,48,135,100,47,9,38,137,170,105,144,147,112,143,168,173,101,58,0
4,48,135,100,47,9,38,137,170,105,144,147,112,143,168,173,101,58,0
4,48,135,100,47,9,38,137,170,105,144,147,112,143,168,173,101,58,0
4,48,135,100,47,9,38,137,170,105,144,147,112,143,168,173,101,58,0
4,48,135,100,47,9,38,137,170,105,144,147,112,143,168,173,101,58,0
4,48,135,100,47,9,38,137,170,105,144,147,112,143,168,173,101,58,0
4,48,135,100,47,9,38,137,170,105,144,147,112,143,168,173,101,58,0
4,48,135,100,47,9,38,137,170,105,144,147,112,143,168,173,101,58,0
4,48,135,100,47,9,38,137,170,105,144,147,112,143,168,173,101,58,0
4,48,135,100,47,9,38,137,170,105,144,147,112,143,168,173,101,58,0
4,48,135,100,47,9,38,137,170,105,144,147,112,143,168,173,101,58,0
4,50,135,102,57,12,58,128,168,100,138,145,108,143,168,168,103,63,0
4,53,135,102,57,12,58,128,168,100,135,145,108,140,168,168,105,63,0
4,56,135,102,57,12,58,126,168,100,135,145,108,140,168,168,105,63,0
4,56,135,102,57,12,58,126,168,100,135,145,108,140,168,168,105,63,0
4,58,135,102,57,12,58,126,168,100,135,145,108,140,168,168,105,63,0
4,58,135,102,57,12,58,126,168,100,135,145,108,140,168,168,105,63,0
4,60,135,104,55,12,58,126,168,100,135,145,108,140,170,168,105,63,0
4,60,135,104,55,12,58,126,168,100,135,145,108,140,170,168,105,63,0
4,60,135,104,55,12,58,126,168,100,135,145,108,140,170,168,105,63,0
4,60,135,104,55,12,58,126,168,100,133,145,108,140,170,168,105,63,0
4,63,135,104,55,12,58,126,168,100,133,145,108,140,170,168,105,63,0
4,69,135,104,55,12,58,126,168,100,133,145,108,140,170,168,105,63,0
4,73,137,102,55,12,60,126,168,100,133,145,108,140,170,165,105,63,0
4,73,137,99,55,12,60,126,168,100,133,145,108,140,170,165,108,63,0
4,71,137,99,55,12,60,126,168,100,133,145,108,140,170,165,108,63,0
4,71,137,99,55,12,60,126,168,100,133,145,108,140,170,165,108,63,0
4,71,137,96,55,12,60,126,165,100,133,145,108,140,170,165,108,63,0
4,68,137,96,55,12,62,124,161,100,131,142,108,140,170,165,108,63,0
4,65,137,93,52,15,62,124,158,100,131,142,108,140,170,165,108,65,0
4,62,137,95,47,26,62,114,156,100,122,138,105,140,167,163,108,65,0
4,62,137,95,45,26,62,111,158,100,122,138,103,140,167,163,108,65,0
4,62,137,98,45,26,62,111,158,100,120,138,103,140,167,161,108,65,0
4,62,137,98,45,28,62,111,158,100,120,138,103,140,167,161,108,65,0
4,62,137,100,45,28,60,109,158,100,120,138,103,140,167,161,108,65,0
4,62,137,100,45,28,60,109,158,100,120,138,103,140,167,161,108,65,0
4,62,137,100,45,28,60,109,161,100,120,138,103,140,167,161,108,65,0
4,62,137,95,57,21,63,109,165,100,114,142,108,131,174,161,108,65,0
4,62,137,95,57,21,65,109,165,100,114,142,108,131,174,161,108,65,0
4,62,137,95,57,18,65,109,165,100,111,142,108,131,176,161,108,65,0
4,62,137,95,57,18,65,109,165,100,111,142,108,131,176,161,108,65,0
4,62,137,95,57,18,65,109,163,100,111,142,108,131,176,161,108,65,0
4,62,137,95,55,18,65,106,163,100,111,140,108,131,176,161,108,65,0
4,62,137,98,43,30,56,97,162,102,106,138,108,129,172,161,108,65,0
4,62,137,98,40,30,56,93,162,102,103,138,108,129,172,161,108,65,0
4,62,137,98,40,30,53,93,162,105,103,138,108,129,172,161,108,65,0
4,62,137,98,40,33,53,90,162,105,101,138,108,126,172,161,110,65,0
4,62,137,98,40,33,53,90,165,105,101,138,108,126,172,161,110,65,0
4,62,137,98,40,33,53,87,165,105,101,138,108,126,172,161,110,65,0
4,62,137,98,42,33,53,87,165,105,101,140,108,126,172,161,110,65,0
4,62,137,98,45,31,53,90,165,105,101,140,108,126,172,163,110,63,0
4,62,137,98,45,31,53,90,165,105,101,140,108,126,172,163,110,63,0
4,62,137,98,45,31,55,90,165,105,101,140,108,126,174,163,110,63,0
4,62,137,98,45,29,55,90,165,105,101,140,108,126,174,163,110,63,0
4,62,137,98,45,29,55,90,165,105,101,140,108,126,174,163,110,63,0
4,62,137,98,45,29,55,90,165,105,101,140,108,126,174,163,110,63,0
4,62,137,98,45,29,55,90,165,105,101,140,108,126,174,163,110,63,0
4,62,137,98,42,29,55,90,162,105,101,140,108,126,174,163,110,63,0
4,62,137,98,42,29,55,90,162,105,101,140,108,126,174,163,110,63,0
4,62,137,98,42,29,55,90,162,105,101,140,108,126,174,163,110,63,0
4,62,137,98,42,29,55,90,162,105,101,140,108,126,174,163,110,63,0
4,62,137,98,42,29,55,90,162,105,101,140,108,126,174,163,110,63,0
4,62,137,98,42,29,55,90,162,105,101,140,108,126,174,163,110,63,0
4,62,137,98,42,29,55,90,162,105,101,140,108,126,174,163,110,63,0
4,62,137,98,42,29,55,90,162,105,101,140,108,126,174,163,110,63,0
4,62,137,98,42,29,55,90,162,105,101,140,108,126,174,163,110,63,0
4,62,137,98,44,29,55,90,162,105,101,140,108,126,174,163,110,63,0
4,62,137,98,44,29,55,90,162,105,101,140,108,126,174,163,110,63,0
4,62,137,98,44,29,55,90,162,105,101,140,108,126,174,163,110,63,0
4,62,137,98,44,29,55,90,162,105,101,140,108,126,174,163,110,63,0
4,60,137,111,53,26,55,96,166,105,107,143,108,126,174,163,105,61,0
4,60,137,111,53,26,55,96,166,105,107,143,108,126,174,166,105,61,0
4,60,137,111,53,26,55,96,166,105,107,143,108,126,174,166,105,61,0
4,57,137,108,53,26,55,96,166,105,107,143,108,126,174,166,105,61,0
4,57,137,108,53,26,55,96,166,105,107,143,108,126,174,166,105,61,0
4,54,137,108,53,26,55,96,166,105,107,143,108,126,174,168,105,61,0
4,54,137,105,53,26,55,96,166,105,107,143,108,126,174,168,105,61,0
4,52,137,103,53,26,55,96,166,105,107,143,108,126,174,170,105,61,0
4,52,137,103,53,26,55,96,166,105,107,143,108,126,174,170,105,61,0
4,52,137,103,53,26,55,96,166,105,107,143,108,126,174,170,105,61,0
4,52,137,103,53,26,55,96,166,105,107,143,108,126,174,170,105,61,0
4,52,137,103,53,26,55,96,166,105,107,143,108,126,174,170,105,61,0
4,52,137,103,53,26,55,96,166,105,107,143,108,126,174,170,105,61,0
4,52,137,103,53,26,52,96,166,105,109,143,108,126,174,170,103,61,0
4,52,137,101,48,24,47,101,169,105,113,145,110,132,174,175,100,59,0
4,52,137,101,48,24,47,101,169,105,113,145,110,132,174,175,100,59,0
4,52,137,101,48,24,47,101,169,105,113,145,110,132,174,175,100,59,0
4,52,137,101,48,24,47,101,169,105,113,145,110,132,174,175,100,59,0
4,52,137,101,48,24,47,101,169,105,113,145,110,132,174,175,100,59,0
4,52,137,101,48,24,47,101,169,105,113,145,110,132,174,175,100,59,0
4,52,137,101,48,24,47,101,169,105,113,145,110,132,174,175,100,59,0
4,52,137,101,48,24,45,101,169,105,113,145,110,132,174,175,100,59,0
4,52,137,101,48,24,45,101,169,105,113,145,110,132,174,175,100,59,0
4,52,137,101,48,24,45,101,169,105,113,145,110,132,174,175,100,59,0
4,52,137,101,48,24,45,101,169,105,113,145,110,132,174,175,100,59,0
4,52,137,101,48,24,45,101,169,105,113,145,110,132,174,175,100,59,0
4,52,137,101,48,24,45,101,169,105,113,145,110,132,174,175,100,59,0
4,52,137,101,48,24,45,105,169,105,117,145,110,132,174,175,100,59,0
4,47,135,99,55,7,62,145,166,99,154,139,113,159,168,158,103,77,0
4,51,135,99,55,7,65,145,166,99,154,139,113,159,168,158,105,77,0
4,53,135,99,57,7,68,145,166,99,154,139,113,159,168,158,105,77,0
4,53,138,99,57,7,68,142,166,96,151,139,113,157,168,158,105,74,0
4,55,138,99,57,7,70,142,164,96,151,139,111,157,168,156,105,74,0
4,55,138,96,60,7,70,139,164,96,151,139,111,157,168,156,105,74,0
4,58,138,96,60,7,70,139,164,93,151,135,111,155,168,156,105,74,0
4,60,140,89,60,7,75,130,161,93,151,130,108,155,166,154,105,74,0
4,60,140,89,60,7,75,130,161,93,151,130,108,155,166,154,105,74,0
4,60,140,89,62,7,75,130,161,93,151,130,108,155,166,154,105,74,0
4,60,140,89,62,7,75,130,161,93,151,130,108,155,166,154,105,74,0
4,60,140,89,62,7,75,130,161,93,151,130,108,155,166,154,105,74,0
4,60,140,89,62,7,75,130,161,93,151,130,108,155,166,154,105,74,0
4,31,135,104,62,7,68,128,164,95,144,138,108,153,166,160,102,73,0
4,29,132,104,62,7,68,128,164,95,144,138,108,153,166,160,99,70,0
4,29,132,104,62,9,66,128,164,95,144,138,108,153,166,163,99,70,0
4,29,132,104,62,9,63,128,167,98,144,141,108,153,166,163,99,67,0
4,29,132,104,60,9,61,128,167,98,144,141,110,153,166,165,99,67,0
4,29,132,104,57,9,56,133,167,101,147,141,110,153,168,168,97,65,0
4,32,132,97,34,1,15,166,172,122,178,151,133,179,170,154,97,61,0
4,32,132,94,34,1,15,166,172,122,178,151,133,179,170,154,99,61,0
4,32,132,94,34,1,15,166,172,122,178,151,133,179,168,154,99,61,0
4,32,132,94,34,1,15,166,172,122,178,151,133,179,168,154,99,61,0
4,32,132,94,34,1,15,166,172,122,178,151,133,179,168,154,99,61,0
4,32,132,94,34,1,15,166,172,122,178,151,133,176,168,154,99,61,0
4,32,132,94,34,1,12,171,174,125,180,151,135,176,168,154,101,61,0
4,29,132,94,34,1,12,171,174,125,180,151,135,176,168,154,101,61,0
4,26,129,94,31,1,12,171,174,125,180,151,135,176,168,154,101,61,0
4,21,127,94,31,1,12,171,174,125,180,151,135,176,168,154,101,61,0
4,16,127,94,31,1,12,171,174,125,180,151,135,176,168,154,101,58,0
4,13,124,92,31,1,12,171,174,125,180,151,135,173,168,154,101,58,0
4,22,126,96,39,1,21,157,172,120,166,146,130,160,166,158,99,58,0
4,24,126,98,39,1,25,152,172,120,162,146,130,160,166,158,99,58,0
4,24,128,101,42,6,27,148,172,117,159,146,126,158,164,158,99,58,0
4,27,128,101,42,9,31,144,168,117,155,144,124,158,164,158,99,58,0
4,27,128,103,44,12,35,142,168,113,155,144,122,158,164,158,99,58,0
4,29,128,108,62,23,37,102,165,108,124,144,109,135,162,166,99,54,0
4,29,128,111,62,23,37,100,165,108,124,144,109,133,162,166,97,54,0
4,29,128,111,62,23,35,100,165,108,121,144,109,133,162,166,97,54,0
4,29,128,111,62,23,32,98,165,108,121,146,109,131,162,166,97,54,0
4,29,128,111,62,23,32,98,169,108,121,144,109,131,162,166,97,54,0
4,29,128,111,62,23,32,98,169,108,121,144,109,131,162,168,94,54,0
4,32,128,111,59,23,28,98,169,110,121,149,109,131,162,168,94,54,0
4,36,128,109,59,23,26,95,169,110,119,145,112,131,164,173,92,54,0
4,36,128,109,59,23,26,95,171,110,119,142,112,131,164,173,92,54,0
4,36,128,109,59,23,26,98,171,110,122,142,112,131,164,173,92,54,0
4,36,128,109,59,21,26,98,171,110,122,139,112,134,164,170,89,54,0
4,33,128,113,63,21,31,98,171,107,127,137,112,134,164,165,89,56,0
4,31,128,118,68,15,41,108,171,103,132,137,112,137,162,161,87,56,0
4,31,132,122,75,1,70,160,169,93,164,143,107,163,162,153,74,59,0
4,31,132,122,71,1,67,162,169,93,167,143,107,165,162,151,74,59,0
4,33,132,117,71,1,67,165,167,93,169,143,107,165,162,151,74,59,0
4,37,135,117,71,1,65,168,167,93,172,143,107,169,165,151,74,59,0
4,39,135,113,68,1,62,168,167,96,172,143,112,169,165,147,74,61,0
4,39,135,113,68,1,60,171,167,96,174,143,115,169,165,147,74,61,0
4,39,137,115,70,1,60,171,165,99,174,141,117,169,165,145,72,61,0
